Match Number,Round Number,Date,Location,Home Team,Away Team,Result
1,1,18/10/2022 17:30,TD Garden,Boston Celtics,Philadelphia 76ers,
2,1,18/10/2022 20:00,Chase Center,Golden State Warriors,Los Angeles Lakers,
3,1,19/10/2022 17:00,Little Caesars Arena,Detroit Pistons,Orlando Magic,
4,1,19/10/2022 17:00,Gainbridge Fieldhouse,Indiana Pacers,Washington Wizards,
5,1,19/10/2022 17:30,State Farm Arena,Atlanta Hawks,Houston Rockets,
6,1,19/10/2022 17:30,Barclays Center,Brooklyn Nets,New Orleans Pelicans,
7,1,19/10/2022 17:30,FTX Arena,Miami Heat,Chicago Bulls,
8,1,19/10/2022 17:30,Scotiabank Arena,Toronto Raptors,Cleveland Cavaliers,
9,1,19/10/2022 17:30,FedExForum,Memphis Grizzlies,New York Knicks,
10,1,19/10/2022 18:00,Target Center,Minnesota Timberwolves,Oklahoma City Thunder,
11,1,19/10/2022 18:00,AT&T Center,San Antonio Spurs,Charlotte Hornets,
12,1,19/10/2022 19:00,Vivint Arena,Utah Jazz,Denver Nuggets,
13,1,19/10/2022 20:00,Footprint Center,Phoenix Suns,Dallas Mavericks,
14,1,19/10/2022 20:00,Golden 1 Center,Sacramento Kings,Portland Trail Blazers,
15,1,20/10/2022 17:30,Wells Fargo Center,Philadelphia 76ers,Milwaukee Bucks,
16,1,20/10/2022 20:00,Crypto.com Arena,Los Angeles Lakers,LA Clippers,
17,1,21/10/2022 17:00,Spectrum Center,Charlotte Hornets,New Orleans Pelicans,
18,1,21/10/2022 17:00,Gainbridge Fieldhouse,Indiana Pacers,San Antonio Spurs,
19,1,21/10/2022 17:00,Capital One Arena,Washington Wizards,Chicago Bulls,
20,1,21/10/2022 17:30,State Farm Arena,Atlanta Hawks,Orlando Magic,
21,1,21/10/2022 17:30,Barclays Center,Brooklyn Nets,Toronto Raptors,
22,1,21/10/2022 17:30,FTX Arena,Miami Heat,Boston Celtics,
23,1,21/10/2022 17:30,Madison Square Garden,New York Knicks,Detroit Pistons,
24,1,21/10/2022 18:00,Toyota Center,Houston Rockets,Memphis Grizzlies,
25,1,21/10/2022 18:00,Target Center,Minnesota Timberwolves,Utah Jazz,
26,1,21/10/2022 20:00,Chase Center,Golden State Warriors,Denver Nuggets,
27,1,21/10/2022 20:00,Moda Center,Portland Trail Blazers,Phoenix Suns,
28,1,22/10/2022 16:00,Wells Fargo Center,Philadelphia 76ers,San Antonio Spurs,
29,1,22/10/2022 17:00,Gainbridge Fieldhouse,Indiana Pacers,Detroit Pistons,
30,1,22/10/2022 17:00,Amway Center,Orlando Magic,Boston Celtics,
31,1,22/10/2022 18:00,FTX Arena,Miami Heat,Toronto Raptors,
32,1,22/10/2022 18:00,United Center,Chicago Bulls,Cleveland Cavaliers,
33,1,22/10/2022 18:00,Fiserv Forum,Milwaukee Bucks,Houston Rockets,
34,1,22/10/2022 18:30,American Airlines Center,Dallas Mavericks,Memphis Grizzlies,
35,1,22/10/2022 19:00,Ball Arena,Denver Nuggets,Oklahoma City Thunder,
36,1,22/10/2022 20:00,Golden 1 Center,Sacramento Kings,LA Clippers,
37,1,23/10/2022 13:30,Crypto.com Arena,Los Angeles Lakers,Portland Trail Blazers,
38,1,23/10/2022 15:00,State Farm Arena,Atlanta Hawks,Charlotte Hornets,
39,1,23/10/2022 17:00,Rocket Mortgage FieldHouse,Cleveland Cavaliers,Washington Wizards,
40,1,23/10/2022 17:00,Smoothie King Center,New Orleans Pelicans,Utah Jazz,
41,1,23/10/2022 18:00,Paycom Center,Oklahoma City Thunder,Minnesota Timberwolves,
42,1,23/10/2022 18:30,Chase Center,Golden State Warriors,Sacramento Kings,
43,1,23/10/2022 20:00,Crypto.com Arena,LA Clippers,Phoenix Suns,
44,1,24/10/2022 17:00,Wells Fargo Center,Philadelphia 76ers,Indiana Pacers,
45,1,24/10/2022 17:30,FTX Arena,Miami Heat,Toronto Raptors,
46,1,24/10/2022 17:30,Madison Square Garden,New York Knicks,Orlando Magic,
47,1,24/10/2022 18:00,United Center,Chicago Bulls,Boston Celtics,
48,1,24/10/2022 18:00,Toyota Center,Houston Rockets,Utah Jazz,
49,1,24/10/2022 18:00,FedExForum,Memphis Grizzlies,Brooklyn Nets,
50,1,24/10/2022 18:00,Target Center,Minnesota Timberwolves,San Antonio Spurs,
51,1,24/10/2022 20:00,Moda Center,Portland Trail Blazers,Denver Nuggets,
52,1,25/10/2022 17:00,Capital One Arena,Washington Wizards,Detroit Pistons,
53,1,25/10/2022 17:30,Smoothie King Center,New Orleans Pelicans,Dallas Mavericks,
54,1,25/10/2022 18:00,Paycom Center,Oklahoma City Thunder,LA Clippers,
55,1,25/10/2022 20:00,Footprint Center,Phoenix Suns,Golden State Warriors,
56,1,26/10/2022 17:00,Rocket Mortgage FieldHouse,Cleveland Cavaliers,Orlando Magic,
57,1,26/10/2022 17:00,Little Caesars Arena,Detroit Pistons,Atlanta Hawks,
58,1,26/10/2022 17:30,Madison Square Garden,New York Knicks,Charlotte Hornets,
59,1,26/10/2022 17:30,Scotiabank Arena,Toronto Raptors,Philadelphia 76ers,
60,1,26/10/2022 17:30,Fiserv Forum,Milwaukee Bucks,Brooklyn Nets,
61,1,26/10/2022 18:00,United Center,Chicago Bulls,Indiana Pacers,
62,1,26/10/2022 18:00,Target Center,Minnesota Timberwolves,San Antonio Spurs,
63,1,26/10/2022 19:00,Vivint Arena,Utah Jazz,Houston Rockets,
64,1,26/10/2022 20:00,Ball Arena,Denver Nuggets,Los Angeles Lakers,
65,1,26/10/2022 20:00,Moda Center,Portland Trail Blazers,Miami Heat,
66,2,27/10/2022 17:30,Barclays Center,Brooklyn Nets,Dallas Mavericks,
67,2,27/10/2022 18:00,Paycom Center,Oklahoma City Thunder,LA Clippers,
68,2,27/10/2022 20:00,Chase Center,Golden State Warriors,Miami Heat,
69,2,27/10/2022 20:00,Golden 1 Center,Sacramento Kings,Memphis Grizzlies,
70,2,28/10/2022 17:00,Little Caesars Arena,Detroit Pistons,Atlanta Hawks,
71,2,28/10/2022 17:00,Amway Center,Orlando Magic,Charlotte Hornets,
72,2,28/10/2022 17:30,TD Garden,Boston Celtics,Cleveland Cavaliers,
73,2,28/10/2022 17:30,Scotiabank Arena,Toronto Raptors,Philadelphia 76ers,
74,2,28/10/2022 17:30,Capital One Arena,Washington Wizards,Indiana Pacers,
75,2,28/10/2022 18:00,Fiserv Forum,Milwaukee Bucks,New York Knicks,
76,2,28/10/2022 18:00,Target Center,Minnesota Timberwolves,Los Angeles Lakers,
77,2,28/10/2022 18:30,AT&T Center,San Antonio Spurs,Chicago Bulls,
78,2,28/10/2022 19:00,Ball Arena,Denver Nuggets,Utah Jazz,
79,2,28/10/2022 20:00,Footprint Center,Phoenix Suns,New Orleans Pelicans,
80,2,28/10/2022 20:00,Moda Center,Portland Trail Blazers,Houston Rockets,
81,2,29/10/2022 16:00,Golden 1 Center,Sacramento Kings,Miami Heat,
82,2,29/10/2022 17:00,Spectrum Center,Charlotte Hornets,Golden State Warriors,
83,2,29/10/2022 17:30,Barclays Center,Brooklyn Nets,Indiana Pacers,
84,2,29/10/2022 18:00,United Center,Chicago Bulls,Philadelphia 76ers,
85,2,29/10/2022 18:00,Fiserv Forum,Milwaukee Bucks,Atlanta Hawks,
86,2,29/10/2022 19:00,American Airlines Center,Dallas Mavericks,Oklahoma City Thunder,
87,2,29/10/2022 19:00,Vivint Arena,Utah Jazz,Memphis Grizzlies,
88,2,30/10/2022 13:00,Crypto.com Arena,LA Clippers,New Orleans Pelicans,
89,2,30/10/2022 16:00,TD Garden,Boston Celtics,Washington Wizards,
90,2,30/10/2022 16:00,Rocket Mortgage FieldHouse,Cleveland Cavaliers,New York Knicks,
91,2,30/10/2022 16:00,Little Caesars Arena,Detroit Pistons,Golden State Warriors,
92,2,30/10/2022 17:00,AT&T Center,San Antonio Spurs,Minnesota Timberwolves,
93,2,30/10/2022 17:30,American Airlines Center,Dallas Mavericks,Orlando Magic,
94,2,30/10/2022 19:00,Footprint Center,Phoenix Suns,Houston Rockets,
95,2,30/10/2022 19:30,Crypto.com Arena,Los Angeles Lakers,Denver Nuggets,
96,2,31/10/2022 17:00,Spectrum Center,Charlotte Hornets,Sacramento Kings,
97,2,31/10/2022 17:00,Capital One Arena,Washington Wizards,Philadelphia 76ers,
98,2,31/10/2022 17:30,Barclays Center,Brooklyn Nets,Indiana Pacers,
99,2,31/10/2022 17:30,Scotiabank Arena,Toronto Raptors,Atlanta Hawks,
100,2,31/10/2022 18:00,Fiserv Forum,Milwaukee Bucks,Detroit Pistons,
101,2,31/10/2022 19:00,Vivint Arena,Utah Jazz,Memphis Grizzlies,
102,2,31/10/2022 20:30,Crypto.com Arena,LA Clippers,Houston Rockets,
103,2,1/11/2022 17:30,Barclays Center,Brooklyn Nets,Chicago Bulls,
104,2,1/11/2022 17:30,FTX Arena,Miami Heat,Golden State Warriors,
105,2,1/11/2022 17:30,Paycom Center,Oklahoma City Thunder,Orlando Magic,
106,2,1/11/2022 20:00,Footprint Center,Phoenix Suns,Minnesota Timberwolves,
107,2,2/11/2022 17:00,Rocket Mortgage FieldHouse,Cleveland Cavaliers,Boston Celtics,
108,2,2/11/2022 17:00,Wells Fargo Center,Philadelphia 76ers,Washington Wizards,
109,2,2/11/2022 17:30,FTX Arena,Miami Heat,Sacramento Kings,
110,2,2/11/2022 17:30,Madison Square Garden,New York Knicks,Atlanta Hawks,
111,2,2/11/2022 17:30,United Center,Chicago Bulls,Charlotte Hornets,
112,2,2/11/2022 18:00,Toyota Center,Houston Rockets,LA Clippers,
113,2,2/11/2022 18:00,Fiserv Forum,Milwaukee Bucks,Detroit Pistons,
114,2,2/11/2022 18:00,AT&T Center,San Antonio Spurs,Toronto Raptors,
115,2,2/11/2022 18:30,American Airlines Center,Dallas Mavericks,Utah Jazz,
116,2,2/11/2022 20:00,Moda Center,Portland Trail Blazers,Memphis Grizzlies,
117,2,2/11/2022 20:30,Crypto.com Arena,Los Angeles Lakers,New Orleans Pelicans,
118,3,3/11/2022 17:00,Amway Center,Orlando Magic,Golden State Warriors,
119,3,3/11/2022 18:00,Paycom Center,Oklahoma City Thunder,Denver Nuggets,
120,3,4/11/2022 17:00,Little Caesars Arena,Detroit Pistons,Cleveland Cavaliers,
121,3,4/11/2022 17:00,Gainbridge Fieldhouse,Indiana Pacers,Miami Heat,
122,3,4/11/2022 17:00,Wells Fargo Center,Philadelphia 76ers,New York Knicks,
123,3,4/11/2022 17:00,Capital One Arena,Washington Wizards,Brooklyn Nets,
124,3,4/11/2022 17:30,TD Garden,Boston Celtics,Chicago Bulls,
125,3,4/11/2022 18:00,FedExForum,Memphis Grizzlies,Charlotte Hornets,
126,3,4/11/2022 18:00,AT&T Center,San Antonio Spurs,LA Clippers,
127,3,4/11/2022 18:30,American Airlines Center,Dallas Mavericks,Toronto Raptors,
128,3,4/11/2022 18:30,Smoothie King Center,New Orleans Pelicans,Golden State Warriors,
129,3,4/11/2022 20:00,Target Center,Minnesota Timberwolves,Milwaukee Bucks,
130,3,4/11/2022 20:00,Footprint Center,Phoenix Suns,Portland Trail Blazers,
131,3,4/11/2022 20:30,Crypto.com Arena,Los Angeles Lakers,Utah Jazz,
132,3,5/11/2022 15:00,Amway Center,Orlando Magic,Sacramento Kings,
133,3,5/11/2022 17:00,Spectrum Center,Charlotte Hornets,Brooklyn Nets,
134,3,5/11/2022 17:30,State Farm Arena,Atlanta Hawks,New Orleans Pelicans,
135,3,5/11/2022 17:30,Madison Square Garden,New York Knicks,Boston Celtics,
136,3,5/11/2022 18:00,Fiserv Forum,Milwaukee Bucks,Oklahoma City Thunder,
137,3,5/11/2022 18:00,Target Center,Minnesota Timberwolves,Houston Rockets,
138,3,5/11/2022 19:00,Ball Arena,Denver Nuggets,San Antonio Spurs,
139,3,5/11/2022 20:00,Footprint Center,Phoenix Suns,Portland Trail Blazers,
140,3,6/11/2022 14:30,Crypto.com Arena,Los Angeles Lakers,Cleveland Cavaliers,
141,3,6/11/2022 17:00,Scotiabank Arena,Toronto Raptors,Chicago Bulls,
142,3,6/11/2022 17:00,FedExForum,Memphis Grizzlies,Washington Wizards,
143,3,6/11/2022 21:00,Crypto.com Arena,LA Clippers,Utah Jazz,
144,3,7/11/2022 18:00,Spectrum Center,Charlotte Hornets,Washington Wizards,
145,3,7/11/2022 18:13,Amway Center,Orlando Magic,Houston Rockets,
146,3,7/11/2022 18:30,Little Caesars Arena,Detroit Pistons,Oklahoma City Thunder,
147,3,7/11/2022 18:45,Gainbridge Fieldhouse,Indiana Pacers,New Orleans Pelicans,
148,3,7/11/2022 19:00,Wells Fargo Center,Philadelphia 76ers,Phoenix Suns,
149,3,7/11/2022 19:13,State Farm Arena,Atlanta Hawks,Milwaukee Bucks,
150,3,7/11/2022 19:30,FTX Arena,Miami Heat,Portland Trail Blazers,
151,3,7/11/2022 19:45,United Center,Chicago Bulls,Toronto Raptors,
152,3,7/11/2022 20:00,FedExForum,Memphis Grizzlies,Boston Celtics,
153,3,7/11/2022 20:13,Target Center,Minnesota Timberwolves,New York Knicks,
154,3,7/11/2022 20:30,AT&T Center,San Antonio Spurs,Denver Nuggets,
155,3,7/11/2022 20:45,American Airlines Center,Dallas Mavericks,Brooklyn Nets,
156,3,7/11/2022 21:00,Chase Center,Golden State Warriors,Sacramento Kings,
157,3,7/11/2022 21:13,Vivint Arena,Utah Jazz,Los Angeles Lakers,
158,3,7/11/2022 21:30,Crypto.com Arena,LA Clippers,Cleveland Cavaliers,
159,3,9/11/2022 18:00,Spectrum Center,Charlotte Hornets,Portland Trail Blazers,
160,3,9/11/2022 18:00,Gainbridge Fieldhouse,Indiana Pacers,Denver Nuggets,
161,3,9/11/2022 18:00,Amway Center,Orlando Magic,Dallas Mavericks,
162,3,9/11/2022 18:30,State Farm Arena,Atlanta Hawks,Utah Jazz,
163,3,9/11/2022 18:30,TD Garden,Boston Celtics,Detroit Pistons,
164,3,9/11/2022 18:30,Barclays Center,Brooklyn Nets,New York Knicks,
165,3,9/11/2022 18:30,Scotiabank Arena,Toronto Raptors,Houston Rockets,
166,3,9/11/2022 19:00,United Center,Chicago Bulls,New Orleans Pelicans,
167,3,9/11/2022 19:00,Target Center,Minnesota Timberwolves,Phoenix Suns,
168,3,9/11/2022 19:00,Paycom Center,Oklahoma City Thunder,Milwaukee Bucks,
169,3,9/11/2022 19:00,AT&T Center,San Antonio Spurs,Memphis Grizzlies,
170,3,9/11/2022 21:00,Crypto.com Arena,LA Clippers,Los Angeles Lakers,
171,3,9/11/2022 21:00,Golden 1 Center,Sacramento Kings,Cleveland Cavaliers,
172,4,10/11/2022 18:00,Capital One Arena,Washington Wizards,Dallas Mavericks,
173,4,10/11/2022 18:30,State Farm Arena,Atlanta Hawks,Philadelphia 76ers,
174,4,10/11/2022 18:30,FTX Arena,Miami Heat,Charlotte Hornets,
175,4,10/11/2022 19:00,Smoothie King Center,New Orleans Pelicans,Portland Trail Blazers,
176,4,11/11/2022 18:00,TD Garden,Boston Celtics,Denver Nuggets,
177,4,11/11/2022 18:00,Amway Center,Orlando Magic,Phoenix Suns,
178,4,11/11/2022 18:30,Madison Square Garden,New York Knicks,Detroit Pistons,
179,4,11/11/2022 19:00,Paycom Center,Oklahoma City Thunder,Toronto Raptors,
180,4,11/11/2022 19:00,AT&T Center,San Antonio Spurs,Milwaukee Bucks,
181,4,11/11/2022 20:30,FedExForum,Memphis Grizzlies,Minnesota Timberwolves,
182,4,11/11/2022 21:00,Chase Center,Golden State Warriors,Cleveland Cavaliers,
183,4,11/11/2022 21:30,Crypto.com Arena,Los Angeles Lakers,Sacramento Kings,
184,4,12/11/2022 15:00,Crypto.com Arena,LA Clippers,Brooklyn Nets,
185,4,12/11/2022 17:00,Capital One Arena,Washington Wizards,Utah Jazz,
186,4,12/11/2022 18:00,Little Caesars Arena,Detroit Pistons,Boston Celtics,
187,4,12/11/2022 18:00,Gainbridge Fieldhouse,Indiana Pacers,Toronto Raptors,
188,4,12/11/2022 18:30,Wells Fargo Center,Philadelphia 76ers,Atlanta Hawks,
189,4,12/11/2022 19:00,FTX Arena,Miami Heat,Charlotte Hornets,
190,4,12/11/2022 19:30,American Airlines Center,Dallas Mavericks,Portland Trail Blazers,
191,4,12/11/2022 19:30,Smoothie King Center,New Orleans Pelicans,Houston Rockets,
192,4,13/11/2022 11:00,Madison Square Garden,New York Knicks,Oklahoma City Thunder,
193,4,13/11/2022 17:00,Rocket Mortgage FieldHouse,Cleveland Cavaliers,Minnesota Timberwolves,
194,4,13/11/2022 17:00,Capital One Arena,Washington Wizards,Memphis Grizzlies,
195,4,13/11/2022 18:30,Wells Fargo Center,Philadelphia 76ers,Utah Jazz,
196,4,13/11/2022 19:00,United Center,Chicago Bulls,Denver Nuggets,
197,4,13/11/2022 20:00,Golden 1 Center,Sacramento Kings,Golden State Warriors,
198,4,13/11/2022 20:30,Crypto.com Arena,Los Angeles Lakers,Brooklyn Nets,
199,4,14/11/2022 18:00,Little Caesars Arena,Detroit Pistons,Toronto Raptors,
200,4,14/11/2022 18:00,Amway Center,Orlando Magic,Charlotte Hornets,
201,4,14/11/2022 18:30,TD Garden,Boston Celtics,Oklahoma City Thunder,
202,4,14/11/2022 18:30,FTX Arena,Miami Heat,Phoenix Suns,
203,4,14/11/2022 19:00,Toyota Center,Houston Rockets,LA Clippers,
204,4,14/11/2022 19:00,Fiserv Forum,Milwaukee Bucks,Atlanta Hawks,
205,4,14/11/2022 21:00,Chase Center,Golden State Warriors,San Antonio Spurs,
206,4,15/11/2022 18:30,Smoothie King Center,New Orleans Pelicans,Memphis Grizzlies,
207,4,15/11/2022 19:30,American Airlines Center,Dallas Mavericks,LA Clippers,
208,4,15/11/2022 21:00,Vivint Arena,Utah Jazz,New York Knicks,
209,4,15/11/2022 21:00,Moda Center,Portland Trail Blazers,San Antonio Spurs,
210,4,15/11/2022 21:00,Golden 1 Center,Sacramento Kings,Brooklyn Nets,
211,4,16/11/2022 18:00,Spectrum Center,Charlotte Hornets,Indiana Pacers,
212,4,16/11/2022 18:00,Amway Center,Orlando Magic,Minnesota Timberwolves,
213,4,16/11/2022 18:00,Capital One Arena,Washington Wizards,Oklahoma City Thunder,
214,4,16/11/2022 18:30,State Farm Arena,Atlanta Hawks,Boston Celtics,
215,4,16/11/2022 18:30,Scotiabank Arena,Toronto Raptors,Miami Heat,
216,4,16/11/2022 19:00,Fiserv Forum,Milwaukee Bucks,Cleveland Cavaliers,
217,4,16/11/2022 19:00,Smoothie King Center,New Orleans Pelicans,Chicago Bulls,
218,4,16/11/2022 19:30,American Airlines Center,Dallas Mavericks,Houston Rockets,
219,4,16/11/2022 21:00,Ball Arena,Denver Nuggets,New York Knicks,
220,4,16/11/2022 21:00,Footprint Center,Phoenix Suns,Golden State Warriors,
221,5,17/11/2022 21:00,Moda Center,Portland Trail Blazers,Brooklyn Nets,
222,5,17/11/2022 21:00,Golden 1 Center,Sacramento Kings,San Antonio Spurs,
223,5,17/11/2022 21:30,Crypto.com Arena,LA Clippers,Detroit Pistons,
224,5,18/11/2022 18:00,Capital One Arena,Washington Wizards,Miami Heat,
225,5,18/11/2022 18:30,Rocket Mortgage FieldHouse,Cleveland Cavaliers,Charlotte Hornets,
226,5,18/11/2022 18:30,Wells Fargo Center,Philadelphia 76ers,Milwaukee Bucks,
227,5,18/11/2022 19:00,United Center,Chicago Bulls,Orlando Magic,
228,5,18/11/2022 19:00,Toyota Center,Houston Rockets,Indiana Pacers,
229,5,18/11/2022 19:00,FedExForum,Memphis Grizzlies,Oklahoma City Thunder,
230,5,18/11/2022 19:30,American Airlines Center,Dallas Mavericks,Denver Nuggets,
231,5,18/11/2022 19:30,Smoothie King Center,New Orleans Pelicans,Boston Celtics,
232,5,18/11/2022 20:00,Vivint Arena,Utah Jazz,Phoenix Suns,
233,5,18/11/2022 21:00,Chase Center,Golden State Warriors,New York Knicks,
234,5,18/11/2022 21:30,Crypto.com Arena,Los Angeles Lakers,Detroit Pistons,
235,5,19/11/2022 17:00,State Farm Arena,Atlanta Hawks,Toronto Raptors,
236,5,19/11/2022 18:00,Gainbridge Fieldhouse,Indiana Pacers,Orlando Magic,
237,5,19/11/2022 18:30,Wells Fargo Center,Philadelphia 76ers,Minnesota Timberwolves,
238,5,19/11/2022 21:00,Moda Center,Portland Trail Blazers,Utah Jazz,
239,5,19/11/2022 21:30,Crypto.com Arena,LA Clippers,San Antonio Spurs,
240,5,20/11/2022 14:30,Footprint Center,Phoenix Suns,New York Knicks,
241,5,20/11/2022 17:00,Capital One Arena,Washington Wizards,Charlotte Hornets,
242,5,20/11/2022 17:00,Golden 1 Center,Sacramento Kings,Detroit Pistons,
243,5,20/11/2022 18:00,Barclays Center,Brooklyn Nets,Memphis Grizzlies,
244,5,20/11/2022 18:00,Rocket Mortgage FieldHouse,Cleveland Cavaliers,Miami Heat,
245,5,20/11/2022 18:00,Toyota Center,Houston Rockets,Golden State Warriors,
246,5,20/11/2022 18:30,American Airlines Center,Dallas Mavericks,Denver Nuggets,
247,5,20/11/2022 20:30,Crypto.com Arena,Los Angeles Lakers,San Antonio Spurs,
248,5,21/11/2022 18:00,Rocket Mortgage FieldHouse,Cleveland Cavaliers,Atlanta Hawks,
249,5,21/11/2022 18:00,Gainbridge Fieldhouse,Indiana Pacers,Orlando Magic,
250,5,21/11/2022 19:00,United Center,Chicago Bulls,Boston Celtics,
251,5,21/11/2022 19:00,Fiserv Forum,Milwaukee Bucks,Portland Trail Blazers,
252,5,21/11/2022 19:00,Target Center,Minnesota Timberwolves,Miami Heat,
253,5,21/11/2022 19:00,Smoothie King Center,New Orleans Pelicans,Golden State Warriors,
254,5,21/11/2022 19:00,Paycom Center,Oklahoma City Thunder,New York Knicks,
255,5,21/11/2022 21:30,Crypto.com Arena,LA Clippers,Utah Jazz,
256,5,22/11/2022 18:30,Wells Fargo Center,Philadelphia 76ers,Brooklyn Nets,
257,5,22/11/2022 19:00,FedExForum,Memphis Grizzlies,Sacramento Kings,
258,5,22/11/2022 20:00,Ball Arena,Denver Nuggets,Detroit Pistons,
259,5,22/11/2022 21:00,Footprint Center,Phoenix Suns,Los Angeles Lakers,
260,5,23/11/2022 18:00,Spectrum Center,Charlotte Hornets,Philadelphia 76ers,
261,5,23/11/2022 18:00,Rocket Mortgage FieldHouse,Cleveland Cavaliers,Portland Trail Blazers,
262,5,23/11/2022 18:00,Gainbridge Fieldhouse,Indiana Pacers,Minnesota Timberwolves,
263,5,23/11/2022 18:30,State Farm Arena,Atlanta Hawks,Sacramento Kings,
264,5,23/11/2022 18:30,TD Garden,Boston Celtics,Dallas Mavericks,
265,5,23/11/2022 18:30,FTX Arena,Miami Heat,Washington Wizards,
266,5,23/11/2022 18:30,Scotiabank Arena,Toronto Raptors,Brooklyn Nets,
267,5,23/11/2022 19:00,Fiserv Forum,Milwaukee Bucks,Chicago Bulls,
268,5,23/11/2022 19:00,Paycom Center,Oklahoma City Thunder,Denver Nuggets,
269,5,23/11/2022 19:00,AT&T Center,San Antonio Spurs,New Orleans Pelicans,
270,5,23/11/2022 20:00,Vivint Arena,Utah Jazz,Detroit Pistons,
271,5,23/11/2022 21:00,Chase Center,Golden State Warriors,LA Clippers,
272,6,25/11/2022 16:00,Spectrum Center,Charlotte Hornets,Minnesota Timberwolves,
273,6,25/11/2022 18:00,Amway Center,Orlando Magic,Philadelphia 76ers,
274,6,25/11/2022 18:30,Madison Square Garden,New York Knicks,Portland Trail Blazers,
275,6,25/11/2022 19:00,TD Garden,Boston Celtics,Sacramento Kings,
276,6,25/11/2022 19:00,Gainbridge Fieldhouse,Indiana Pacers,Brooklyn Nets,
277,6,25/11/2022 19:00,FTX Arena,Miami Heat,Washington Wizards,
278,6,25/11/2022 19:00,Toyota Center,Houston Rockets,Atlanta Hawks,
279,6,25/11/2022 19:00,FedExForum,Memphis Grizzlies,New Orleans Pelicans,
280,6,25/11/2022 19:00,Fiserv Forum,Milwaukee Bucks,Cleveland Cavaliers,
281,6,25/11/2022 19:00,Paycom Center,Oklahoma City Thunder,Chicago Bulls,
282,6,25/11/2022 19:00,AT&T Center,San Antonio Spurs,Los Angeles Lakers,
283,6,25/11/2022 20:00,Footprint Center,Phoenix Suns,Detroit Pistons,
284,6,25/11/2022 21:00,Chase Center,Golden State Warriors,Utah Jazz,
285,6,25/11/2022 21:30,Crypto.com Arena,LA Clippers,Denver Nuggets,
286,6,26/11/2022 16:00,Scotiabank Arena,Toronto Raptors,Dallas Mavericks,
287,6,26/11/2022 19:00,Toyota Center,Houston Rockets,Oklahoma City Thunder,
288,6,26/11/2022 19:00,AT&T Center,San Antonio Spurs,Los Angeles Lakers,
289,6,26/11/2022 20:00,Footprint Center,Phoenix Suns,Utah Jazz,
290,6,27/11/2022 14:00,Barclays Center,Brooklyn Nets,Portland Trail Blazers,
291,6,27/11/2022 14:30,Target Center,Minnesota Timberwolves,Golden State Warriors,
292,6,27/11/2022 15:00,Crypto.com Arena,LA Clippers,Indiana Pacers,
293,6,27/11/2022 16:00,State Farm Arena,Atlanta Hawks,Miami Heat,
294,6,27/11/2022 17:00,TD Garden,Boston Celtics,Washington Wizards,
295,6,27/11/2022 17:00,Little Caesars Arena,Detroit Pistons,Cleveland Cavaliers,
296,6,27/11/2022 17:00,Madison Square Garden,New York Knicks,Memphis Grizzlies,
297,6,27/11/2022 17:00,Amway Center,Orlando Magic,Philadelphia 76ers,
298,6,27/11/2022 19:00,Fiserv Forum,Milwaukee Bucks,Dallas Mavericks,
299,6,28/11/2022 18:00,Wells Fargo Center,Philadelphia 76ers,Atlanta Hawks,
300,6,28/11/2022 18:00,Capital One Arena,Washington Wizards,Minnesota Timberwolves,
301,6,28/11/2022 18:30,TD Garden,Boston Celtics,Charlotte Hornets,
302,6,28/11/2022 18:30,Barclays Center,Brooklyn Nets,Orlando Magic,
303,6,28/11/2022 18:30,Scotiabank Arena,Toronto Raptors,Cleveland Cavaliers,
304,6,28/11/2022 19:00,Smoothie King Center,New Orleans Pelicans,Oklahoma City Thunder,
305,6,28/11/2022 20:00,Ball Arena,Denver Nuggets,Houston Rockets,
306,6,28/11/2022 20:00,Vivint Arena,Utah Jazz,Chicago Bulls,
307,6,28/11/2022 21:00,Golden 1 Center,Sacramento Kings,Phoenix Suns,
308,6,28/11/2022 21:30,Crypto.com Arena,Los Angeles Lakers,Indiana Pacers,
309,6,29/11/2022 18:00,Little Caesars Arena,Detroit Pistons,New York Knicks,
310,6,29/11/2022 18:30,American Airlines Center,Dallas Mavericks,Golden State Warriors,
311,6,29/11/2022 21:00,Moda Center,Portland Trail Blazers,LA Clippers,
312,6,30/11/2022 18:00,Rocket Mortgage FieldHouse,Cleveland Cavaliers,Philadelphia 76ers,
313,6,30/11/2022 18:00,Amway Center,Orlando Magic,Atlanta Hawks,
314,6,30/11/2022 18:30,TD Garden,Boston Celtics,Miami Heat,
315,6,30/11/2022 18:30,Barclays Center,Brooklyn Nets,Washington Wizards,
316,6,30/11/2022 18:30,Madison Square Garden,New York Knicks,Milwaukee Bucks,
317,6,30/11/2022 19:00,Target Center,Minnesota Timberwolves,Memphis Grizzlies,
318,6,30/11/2022 19:00,Smoothie King Center,New Orleans Pelicans,Toronto Raptors,
319,6,30/11/2022 19:00,Paycom Center,Oklahoma City Thunder,San Antonio Spurs,
320,6,30/11/2022 20:00,Ball Arena,Denver Nuggets,Houston Rockets,
321,6,30/11/2022 20:00,Footprint Center,Phoenix Suns,Chicago Bulls,
322,6,30/11/2022 20:00,Vivint Arena,Utah Jazz,LA Clippers,
323,6,30/11/2022 21:00,Golden 1 Center,Sacramento Kings,Indiana Pacers,
324,6,30/11/2022 21:30,Crypto.com Arena,Los Angeles Lakers,Portland Trail Blazers,
325,7,1/12/2022 18:00,Little Caesars Arena,Detroit Pistons,Dallas Mavericks,
326,7,2/12/2022 18:00,Spectrum Center,Charlotte Hornets,Washington Wizards,
327,7,2/12/2022 18:30,State Farm Arena,Atlanta Hawks,Denver Nuggets,
328,7,2/12/2022 18:30,TD Garden,Boston Celtics,Miami Heat,
329,7,2/12/2022 18:30,Barclays Center,Brooklyn Nets,Toronto Raptors,
330,7,2/12/2022 18:30,Rocket Mortgage FieldHouse,Cleveland Cavaliers,Orlando Magic,
331,7,2/12/2022 18:30,Fiserv Forum,Milwaukee Bucks,Los Angeles Lakers,
332,7,2/12/2022 19:00,FedExForum,Memphis Grizzlies,Philadelphia 76ers,
333,7,2/12/2022 19:00,AT&T Center,San Antonio Spurs,New Orleans Pelicans,
334,7,2/12/2022 20:00,Footprint Center,Phoenix Suns,Houston Rockets,
335,7,2/12/2022 20:00,Vivint Arena,Utah Jazz,Indiana Pacers,
336,7,2/12/2022 21:00,Chase Center,Golden State Warriors,Chicago Bulls,
337,7,3/12/2022 11:30,Madison Square Garden,New York Knicks,Dallas Mavericks,
338,7,3/12/2022 15:00,Crypto.com Arena,LA Clippers,Sacramento Kings,
339,7,3/12/2022 17:00,Spectrum Center,Charlotte Hornets,Milwaukee Bucks,
340,7,3/12/2022 19:00,Scotiabank Arena,Toronto Raptors,Orlando Magic,
341,7,3/12/2022 19:00,Target Center,Minnesota Timberwolves,Oklahoma City Thunder,
342,7,3/12/2022 19:30,Chase Center,Golden State Warriors,Houston Rockets,
343,7,3/12/2022 20:00,Vivint Arena,Utah Jazz,Portland Trail Blazers,
344,7,4/12/2022 14:30,Smoothie King Center,New Orleans Pelicans,Denver Nuggets,
345,7,4/12/2022 15:00,AT&T Center,San Antonio Spurs,Phoenix Suns,
346,7,4/12/2022 17:00,Barclays Center,Brooklyn Nets,Boston Celtics,
347,7,4/12/2022 17:00,Little Caesars Arena,Detroit Pistons,Memphis Grizzlies,
348,7,4/12/2022 17:00,Madison Square Garden,New York Knicks,Cleveland Cavaliers,
349,7,4/12/2022 17:00,Capital One Arena,Washington Wizards,Los Angeles Lakers,
350,7,4/12/2022 17:00,Golden 1 Center,Sacramento Kings,Chicago Bulls,
351,7,4/12/2022 20:00,Moda Center,Portland Trail Blazers,Indiana Pacers,
352,7,5/12/2022 18:00,Spectrum Center,Charlotte Hornets,LA Clippers,
353,7,5/12/2022 18:00,Amway Center,Orlando Magic,Milwaukee Bucks,
354,7,5/12/2022 18:30,State Farm Arena,Atlanta Hawks,Oklahoma City Thunder,
355,7,5/12/2022 18:30,Scotiabank Arena,Toronto Raptors,Boston Celtics,
356,7,5/12/2022 19:00,Toyota Center,Houston Rockets,Philadelphia 76ers,
357,7,5/12/2022 19:00,FedExForum,Memphis Grizzlies,Miami Heat,
358,7,5/12/2022 19:30,American Airlines Center,Dallas Mavericks,Phoenix Suns,
359,7,5/12/2022 21:00,Chase Center,Golden State Warriors,Indiana Pacers,
360,7,6/12/2022 18:30,Rocket Mortgage FieldHouse,Cleveland Cavaliers,Los Angeles Lakers,
361,7,6/12/2022 18:30,FTX Arena,Miami Heat,Detroit Pistons,
362,7,6/12/2022 21:00,Ball Arena,Denver Nuggets,Dallas Mavericks,
363,7,7/12/2022 18:00,Amway Center,Orlando Magic,LA Clippers,
364,7,7/12/2022 18:30,Barclays Center,Brooklyn Nets,Charlotte Hornets,
365,7,7/12/2022 18:30,Madison Square Garden,New York Knicks,Atlanta Hawks,
366,7,7/12/2022 18:30,Scotiabank Arena,Toronto Raptors,Los Angeles Lakers,
367,7,7/12/2022 19:00,United Center,Chicago Bulls,Washington Wizards,
368,7,7/12/2022 19:00,FedExForum,Memphis Grizzlies,Oklahoma City Thunder,
369,7,7/12/2022 19:00,Fiserv Forum,Milwaukee Bucks,Sacramento Kings,
370,7,7/12/2022 19:00,Target Center,Minnesota Timberwolves,Indiana Pacers,
371,7,7/12/2022 19:00,Smoothie King Center,New Orleans Pelicans,Detroit Pistons,
372,7,7/12/2022 20:00,Vivint Arena,Utah Jazz,Golden State Warriors,
373,7,7/12/2022 21:00,Footprint Center,Phoenix Suns,Boston Celtics,
374,8,8/12/2022 18:30,FTX Arena,Miami Heat,LA Clippers,
375,8,8/12/2022 19:30,AT&T Center,San Antonio Spurs,Houston Rockets,
376,8,8/12/2022 21:00,Moda Center,Portland Trail Blazers,Denver Nuggets,
377,8,9/12/2022 18:00,Spectrum Center,Charlotte Hornets,New York Knicks,
378,8,9/12/2022 18:00,Gainbridge Fieldhouse,Indiana Pacers,Washington Wizards,
379,8,9/12/2022 18:00,Amway Center,Orlando Magic,Toronto Raptors,
380,8,9/12/2022 18:30,Barclays Center,Brooklyn Nets,Atlanta Hawks,
381,8,9/12/2022 18:30,Rocket Mortgage FieldHouse,Cleveland Cavaliers,Sacramento Kings,
382,8,9/12/2022 18:30,Wells Fargo Center,Philadelphia 76ers,Los Angeles Lakers,
383,8,9/12/2022 19:00,FedExForum,Memphis Grizzlies,Detroit Pistons,
384,8,9/12/2022 19:30,Smoothie King Center,New Orleans Pelicans,Phoenix Suns,
385,8,9/12/2022 20:00,Vivint Arena,Utah Jazz,Minnesota Timberwolves,
386,8,9/12/2022 21:00,American Airlines Center,Dallas Mavericks,Milwaukee Bucks,
387,8,10/12/2022 16:00,FTX Arena,Miami Heat,San Antonio Spurs,
388,8,10/12/2022 18:00,Gainbridge Fieldhouse,Indiana Pacers,Brooklyn Nets,
389,8,10/12/2022 18:00,Capital One Arena,Washington Wizards,LA Clippers,
390,8,10/12/2022 18:30,Rocket Mortgage FieldHouse,Cleveland Cavaliers,Oklahoma City Thunder,
391,8,10/12/2022 19:00,United Center,Chicago Bulls,Dallas Mavericks,
392,8,10/12/2022 19:30,Chase Center,Golden State Warriors,Boston Celtics,
393,8,10/12/2022 20:00,Ball Arena,Denver Nuggets,Utah Jazz,
394,8,10/12/2022 21:00,Moda Center,Portland Trail Blazers,Minnesota Timberwolves,
395,8,11/12/2022 14:30,Smoothie King Center,New Orleans Pelicans,Phoenix Suns,
396,8,11/12/2022 17:00,Little Caesars Arena,Detroit Pistons,Los Angeles Lakers,
397,8,11/12/2022 17:00,Madison Square Garden,New York Knicks,Sacramento Kings,
398,8,11/12/2022 17:00,Amway Center,Orlando Magic,Toronto Raptors,
399,8,11/12/2022 17:00,Wells Fargo Center,Philadelphia 76ers,Charlotte Hornets,
400,8,11/12/2022 17:30,State Farm Arena,Atlanta Hawks,Chicago Bulls,
401,8,11/12/2022 18:00,Toyota Center,Houston Rockets,Milwaukee Bucks,
402,8,12/12/2022 18:00,Gainbridge Fieldhouse,Indiana Pacers,Miami Heat,
403,8,12/12/2022 18:00,Capital One Arena,Washington Wizards,Brooklyn Nets,
404,8,12/12/2022 19:00,FedExForum,Memphis Grizzlies,Atlanta Hawks,
405,8,12/12/2022 19:30,American Airlines Center,Dallas Mavericks,Oklahoma City Thunder,
406,8,12/12/2022 19:30,AT&T Center,San Antonio Spurs,Cleveland Cavaliers,
407,8,12/12/2022 21:00,Moda Center,Portland Trail Blazers,Minnesota Timberwolves,
408,8,12/12/2022 21:30,Crypto.com Arena,LA Clippers,Boston Celtics,
409,8,13/12/2022 18:00,Wells Fargo Center,Philadelphia 76ers,Sacramento Kings,
410,8,13/12/2022 18:30,Fiserv Forum,Milwaukee Bucks,Golden State Warriors,
411,8,13/12/2022 19:00,Toyota Center,Houston Rockets,Phoenix Suns,
412,8,13/12/2022 20:00,Vivint Arena,Utah Jazz,New Orleans Pelicans,
413,8,13/12/2022 21:00,Crypto.com Arena,Los Angeles Lakers,Boston Celtics,
414,8,14/12/2022 18:00,Spectrum Center,Charlotte Hornets,Detroit Pistons,
415,8,14/12/2022 18:00,Gainbridge Fieldhouse,Indiana Pacers,Golden State Warriors,
416,8,14/12/2022 18:00,Amway Center,Orlando Magic,Atlanta Hawks,
417,8,14/12/2022 18:30,Scotiabank Arena,Toronto Raptors,Sacramento Kings,
418,8,14/12/2022 18:30,United Center,Chicago Bulls,New York Knicks,
419,8,14/12/2022 19:00,Paycom Center,Oklahoma City Thunder,Miami Heat,
420,8,14/12/2022 19:00,AT&T Center,San Antonio Spurs,Portland Trail Blazers,
421,8,14/12/2022 20:00,American Airlines Center,Dallas Mavericks,Cleveland Cavaliers,
422,8,14/12/2022 20:00,Ball Arena,Denver Nuggets,Washington Wizards,
423,8,14/12/2022 21:00,Crypto.com Arena,LA Clippers,Minnesota Timberwolves,
424,9,15/12/2022 19:00,Toyota Center,Houston Rockets,Miami Heat,
425,9,15/12/2022 19:00,FedExForum,Memphis Grizzlies,Milwaukee Bucks,
426,9,15/12/2022 20:00,Vivint Arena,Utah Jazz,New Orleans Pelicans,
427,9,15/12/2022 21:30,Crypto.com Arena,LA Clippers,Phoenix Suns,
428,9,16/12/2022 18:00,Spectrum Center,Charlotte Hornets,Atlanta Hawks,
429,9,16/12/2022 18:00,Little Caesars Arena,Detroit Pistons,Sacramento Kings,
430,9,16/12/2022 18:30,TD Garden,Boston Celtics,Orlando Magic,
431,9,16/12/2022 18:30,Rocket Mortgage FieldHouse,Cleveland Cavaliers,Indiana Pacers,
432,9,16/12/2022 18:30,Wells Fargo Center,Philadelphia 76ers,Golden State Warriors,
433,9,16/12/2022 18:30,Scotiabank Arena,Toronto Raptors,Brooklyn Nets,
434,9,16/12/2022 19:00,United Center,Chicago Bulls,New York Knicks,
435,9,16/12/2022 19:00,Paycom Center,Oklahoma City Thunder,Minnesota Timberwolves,
436,9,16/12/2022 19:30,American Airlines Center,Dallas Mavericks,Portland Trail Blazers,
437,9,16/12/2022 21:00,Crypto.com Arena,Los Angeles Lakers,Denver Nuggets,
438,9,17/12/2022 15:00,Crypto.com Arena,LA Clippers,Washington Wizards,
439,9,17/12/2022 16:00,Mexico City Arena,San Antonio Spurs,Miami Heat,
440,9,17/12/2022 19:00,Rocket Mortgage FieldHouse,Cleveland Cavaliers,Dallas Mavericks,
441,9,17/12/2022 19:00,Toyota Center,Houston Rockets,Portland Trail Blazers,
442,9,17/12/2022 19:00,Fiserv Forum,Milwaukee Bucks,Utah Jazz,
443,9,17/12/2022 19:00,Paycom Center,Oklahoma City Thunder,Memphis Grizzlies,
444,9,17/12/2022 20:00,Footprint Center,Phoenix Suns,New Orleans Pelicans,
445,9,18/12/2022 14:00,TD Garden,Boston Celtics,Orlando Magic,
446,9,18/12/2022 16:00,Gainbridge Fieldhouse,Indiana Pacers,New York Knicks,
447,9,18/12/2022 17:00,Little Caesars Arena,Detroit Pistons,Brooklyn Nets,
448,9,18/12/2022 17:00,Scotiabank Arena,Toronto Raptors,Golden State Warriors,
449,9,18/12/2022 18:00,Target Center,Minnesota Timberwolves,Chicago Bulls,
450,9,18/12/2022 19:00,Ball Arena,Denver Nuggets,Charlotte Hornets,
451,9,18/12/2022 20:30,Crypto.com Arena,Los Angeles Lakers,Washington Wizards,
452,9,19/12/2022 18:00,Rocket Mortgage FieldHouse,Cleveland Cavaliers,Utah Jazz,
453,9,19/12/2022 18:00,Wells Fargo Center,Philadelphia 76ers,Toronto Raptors,
454,9,19/12/2022 18:30,State Farm Arena,Atlanta Hawks,Orlando Magic,
455,9,19/12/2022 19:00,Toyota Center,Houston Rockets,San Antonio Spurs,
456,9,19/12/2022 19:00,Target Center,Minnesota Timberwolves,Dallas Mavericks,
457,9,19/12/2022 19:00,Smoothie King Center,New Orleans Pelicans,Milwaukee Bucks,
458,9,19/12/2022 19:00,Paycom Center,Oklahoma City Thunder,Portland Trail Blazers,
459,9,19/12/2022 20:00,Footprint Center,Phoenix Suns,Los Angeles Lakers,
460,9,19/12/2022 21:00,Golden 1 Center,Sacramento Kings,Charlotte Hornets,
461,9,20/12/2022 18:00,Little Caesars Arena,Detroit Pistons,Utah Jazz,
462,9,20/12/2022 18:30,FTX Arena,Miami Heat,Chicago Bulls,
463,9,20/12/2022 18:30,Madison Square Garden,New York Knicks,Golden State Warriors,
464,9,20/12/2022 20:00,Footprint Center,Phoenix Suns,Washington Wizards,
465,9,20/12/2022 21:00,Ball Arena,Denver Nuggets,Memphis Grizzlies,
466,9,21/12/2022 18:00,Rocket Mortgage FieldHouse,Cleveland Cavaliers,Milwaukee Bucks,
467,9,21/12/2022 18:00,Wells Fargo Center,Philadelphia 76ers,Detroit Pistons,
468,9,21/12/2022 18:30,State Farm Arena,Atlanta Hawks,Chicago Bulls,
469,9,21/12/2022 18:30,TD Garden,Boston Celtics,Indiana Pacers,
470,9,21/12/2022 18:30,Barclays Center,Brooklyn Nets,Golden State Warriors,
471,9,21/12/2022 18:30,Madison Square Garden,New York Knicks,Toronto Raptors,
472,9,21/12/2022 19:00,Toyota Center,Houston Rockets,Orlando Magic,
473,9,21/12/2022 19:00,Target Center,Minnesota Timberwolves,Dallas Mavericks,
474,9,21/12/2022 19:00,Paycom Center,Oklahoma City Thunder,Portland Trail Blazers,
475,9,21/12/2022 21:00,Golden 1 Center,Sacramento Kings,Los Angeles Lakers,
476,9,21/12/2022 21:30,Crypto.com Arena,LA Clippers,Charlotte Hornets,
477,10,22/12/2022 19:00,Smoothie King Center,New Orleans Pelicans,San Antonio Spurs,
478,10,22/12/2022 20:00,Vivint Arena,Utah Jazz,Washington Wizards,
479,10,23/12/2022 18:00,Amway Center,Orlando Magic,San Antonio Spurs,
480,10,23/12/2022 18:00,Wells Fargo Center,Philadelphia 76ers,LA Clippers,
481,10,23/12/2022 18:30,State Farm Arena,Atlanta Hawks,Detroit Pistons,
482,10,23/12/2022 18:30,TD Garden,Boston Celtics,Minnesota Timberwolves,
483,10,23/12/2022 18:30,Barclays Center,Brooklyn Nets,Milwaukee Bucks,
484,10,23/12/2022 18:30,Rocket Mortgage FieldHouse,Cleveland Cavaliers,Toronto Raptors,
485,10,23/12/2022 18:30,Madison Square Garden,New York Knicks,Chicago Bulls,
486,10,23/12/2022 19:00,FTX Arena,Miami Heat,Indiana Pacers,
487,10,23/12/2022 19:00,Toyota Center,Houston Rockets,Dallas Mavericks,
488,10,23/12/2022 19:00,Paycom Center,Oklahoma City Thunder,New Orleans Pelicans,
489,10,23/12/2022 20:00,Ball Arena,Denver Nuggets,Portland Trail Blazers,
490,10,23/12/2022 21:00,Footprint Center,Phoenix Suns,Memphis Grizzlies,
491,10,23/12/2022 21:00,Golden 1 Center,Sacramento Kings,Washington Wizards,
492,10,23/12/2022 21:30,Crypto.com Arena,Los Angeles Lakers,Charlotte Hornets,
493,10,25/12/2022 11:00,Madison Square Garden,New York Knicks,Philadelphia 76ers,
494,10,25/12/2022 13:30,American Airlines Center,Dallas Mavericks,Los Angeles Lakers,
495,10,25/12/2022 16:00,TD Garden,Boston Celtics,Milwaukee Bucks,
496,10,25/12/2022 19:00,Chase Center,Golden State Warriors,Memphis Grizzlies,
497,10,25/12/2022 21:30,Ball Arena,Denver Nuggets,Phoenix Suns,
498,10,26/12/2022 18:00,Rocket Mortgage FieldHouse,Cleveland Cavaliers,Brooklyn Nets,
499,10,26/12/2022 18:00,Little Caesars Arena,Detroit Pistons,LA Clippers,
500,10,26/12/2022 18:30,FTX Arena,Miami Heat,Minnesota Timberwolves,
501,10,26/12/2022 19:00,United Center,Chicago Bulls,Houston Rockets,
502,10,26/12/2022 19:00,Smoothie King Center,New Orleans Pelicans,Indiana Pacers,
503,10,26/12/2022 19:00,AT&T Center,San Antonio Spurs,Utah Jazz,
504,10,26/12/2022 21:00,Moda Center,Portland Trail Blazers,Charlotte Hornets,
505,10,27/12/2022 18:00,Amway Center,Orlando Magic,Los Angeles Lakers,
506,10,27/12/2022 18:00,Capital One Arena,Washington Wizards,Philadelphia 76ers,
507,10,27/12/2022 18:30,TD Garden,Boston Celtics,Houston Rockets,
508,10,27/12/2022 18:30,Gainbridge Fieldhouse,Indiana Pacers,Atlanta Hawks,
509,10,27/12/2022 18:30,Scotiabank Arena,Toronto Raptors,LA Clippers,
510,10,27/12/2022 19:00,FedExForum,Memphis Grizzlies,Phoenix Suns,
511,10,27/12/2022 19:00,Paycom Center,Oklahoma City Thunder,San Antonio Spurs,
512,10,27/12/2022 19:30,American Airlines Center,Dallas Mavericks,New York Knicks,
513,10,27/12/2022 21:00,Chase Center,Golden State Warriors,Charlotte Hornets,
514,10,27/12/2022 21:00,Golden 1 Center,Sacramento Kings,Denver Nuggets,
515,10,28/12/2022 18:00,Little Caesars Arena,Detroit Pistons,Orlando Magic,
516,10,28/12/2022 18:00,Capital One Arena,Washington Wizards,Phoenix Suns,
517,10,28/12/2022 18:30,State Farm Arena,Atlanta Hawks,Brooklyn Nets,
518,10,28/12/2022 18:30,FTX Arena,Miami Heat,Los Angeles Lakers,
519,10,28/12/2022 19:00,United Center,Chicago Bulls,Milwaukee Bucks,
520,10,28/12/2022 19:00,Smoothie King Center,New Orleans Pelicans,Minnesota Timberwolves,
521,10,28/12/2022 21:00,Chase Center,Golden State Warriors,Utah Jazz,
522,10,28/12/2022 21:00,Golden 1 Center,Sacramento Kings,Denver Nuggets,
523,11,29/12/2022 18:00,Spectrum Center,Charlotte Hornets,Oklahoma City Thunder,
524,11,29/12/2022 18:00,Gainbridge Fieldhouse,Indiana Pacers,Cleveland Cavaliers,
525,11,29/12/2022 18:30,TD Garden,Boston Celtics,LA Clippers,
526,11,29/12/2022 18:30,Scotiabank Arena,Toronto Raptors,Memphis Grizzlies,
527,11,29/12/2022 19:00,AT&T Center,San Antonio Spurs,New York Knicks,
528,11,29/12/2022 19:30,American Airlines Center,Dallas Mavericks,Houston Rockets,
529,11,30/12/2022 18:00,Amway Center,Orlando Magic,Washington Wizards,
530,11,30/12/2022 18:30,State Farm Arena,Atlanta Hawks,Los Angeles Lakers,
531,11,30/12/2022 18:30,Scotiabank Arena,Toronto Raptors,Phoenix Suns,
532,11,30/12/2022 19:00,United Center,Chicago Bulls,Detroit Pistons,
533,11,30/12/2022 19:00,Fiserv Forum,Milwaukee Bucks,Minnesota Timberwolves,
534,11,30/12/2022 19:30,Smoothie King Center,New Orleans Pelicans,Philadelphia 76ers,
535,11,30/12/2022 20:00,Ball Arena,Denver Nuggets,Miami Heat,
536,11,30/12/2022 21:00,Chase Center,Golden State Warriors,Portland Trail Blazers,
537,11,30/12/2022 21:00,Golden 1 Center,Sacramento Kings,Utah Jazz,
538,11,31/12/2022 14:00,Gainbridge Fieldhouse,Indiana Pacers,LA Clippers,
539,11,31/12/2022 18:00,Spectrum Center,Charlotte Hornets,Brooklyn Nets,
540,11,31/12/2022 18:00,United Center,Chicago Bulls,Cleveland Cavaliers,
541,11,31/12/2022 18:00,Toyota Center,Houston Rockets,New York Knicks,
542,11,31/12/2022 18:00,AT&T Center,San Antonio Spurs,Dallas Mavericks,
543,11,31/12/2022 19:00,FedExForum,Memphis Grizzlies,New Orleans Pelicans,
544,11,31/12/2022 19:00,Target Center,Minnesota Timberwolves,Detroit Pistons,
545,11,31/12/2022 19:00,Paycom Center,Oklahoma City Thunder,Philadelphia 76ers,
546,11,31/12/2022 20:00,Vivint Arena,Utah Jazz,Miami Heat,
547,11,1/1/2023 19:00,FedExForum,Memphis Grizzlies,Sacramento Kings,
548,11,1/1/2023 19:00,Fiserv Forum,Milwaukee Bucks,Washington Wizards,
549,11,1/1/2023 19:00,Ball Arena,Denver Nuggets,Boston Celtics,
550,11,2/1/2023 14:00,Madison Square Garden,New York Knicks,Phoenix Suns,
551,11,2/1/2023 18:00,Spectrum Center,Charlotte Hornets,Los Angeles Lakers,
552,11,2/1/2023 18:00,Rocket Mortgage FieldHouse,Cleveland Cavaliers,Chicago Bulls,
553,11,2/1/2023 18:00,Gainbridge Fieldhouse,Indiana Pacers,Toronto Raptors,
554,11,2/1/2023 18:00,Wells Fargo Center,Philadelphia 76ers,New Orleans Pelicans,
555,11,2/1/2023 18:30,Barclays Center,Brooklyn Nets,San Antonio Spurs,
556,11,2/1/2023 19:00,Toyota Center,Houston Rockets,Dallas Mavericks,
557,11,2/1/2023 19:00,Target Center,Minnesota Timberwolves,Denver Nuggets,
558,11,2/1/2023 21:00,Chase Center,Golden State Warriors,Atlanta Hawks,
559,11,2/1/2023 21:00,Moda Center,Portland Trail Blazers,Detroit Pistons,
560,11,2/1/2023 21:30,Crypto.com Arena,LA Clippers,Miami Heat,
561,11,3/1/2023 19:00,Fiserv Forum,Milwaukee Bucks,Washington Wizards,
562,11,3/1/2023 19:00,Paycom Center,Oklahoma City Thunder,Boston Celtics,
563,11,3/1/2023 20:00,Vivint Arena,Utah Jazz,Sacramento Kings,
564,11,4/1/2023 18:00,Spectrum Center,Charlotte Hornets,Memphis Grizzlies,
565,11,4/1/2023 18:00,Rocket Mortgage FieldHouse,Cleveland Cavaliers,Phoenix Suns,
566,11,4/1/2023 18:00,Amway Center,Orlando Magic,Oklahoma City Thunder,
567,11,4/1/2023 18:00,Wells Fargo Center,Philadelphia 76ers,Indiana Pacers,
568,11,4/1/2023 18:30,Madison Square Garden,New York Knicks,San Antonio Spurs,
569,11,4/1/2023 18:30,Scotiabank Arena,Toronto Raptors,Milwaukee Bucks,
570,11,4/1/2023 19:00,United Center,Chicago Bulls,Brooklyn Nets,
571,11,4/1/2023 19:00,Target Center,Minnesota Timberwolves,Portland Trail Blazers,
572,11,4/1/2023 19:00,Smoothie King Center,New Orleans Pelicans,Houston Rockets,
573,11,4/1/2023 21:00,Chase Center,Golden State Warriors,Detroit Pistons,
574,11,4/1/2023 21:00,Crypto.com Arena,Los Angeles Lakers,Miami Heat,
575,11,4/1/2023 21:00,Golden 1 Center,Sacramento Kings,Atlanta Hawks,
576,12,5/1/2023 18:00,Amway Center,Orlando Magic,Memphis Grizzlies,
577,12,5/1/2023 18:30,American Airlines Center,Dallas Mavericks,Boston Celtics,
578,12,5/1/2023 19:00,Toyota Center,Houston Rockets,Utah Jazz,
579,12,5/1/2023 21:00,Ball Arena,Denver Nuggets,LA Clippers,
580,12,6/1/2023 18:00,Gainbridge Fieldhouse,Indiana Pacers,Portland Trail Blazers,
581,12,6/1/2023 18:30,Wells Fargo Center,Philadelphia 76ers,Chicago Bulls,
582,12,6/1/2023 18:30,Scotiabank Arena,Toronto Raptors,New York Knicks,
583,12,6/1/2023 19:00,Fiserv Forum,Milwaukee Bucks,Charlotte Hornets,
584,12,6/1/2023 19:00,Paycom Center,Oklahoma City Thunder,Washington Wizards,
585,12,6/1/2023 19:00,AT&T Center,San Antonio Spurs,Detroit Pistons,
586,12,6/1/2023 19:30,Smoothie King Center,New Orleans Pelicans,Brooklyn Nets,
587,12,6/1/2023 20:00,Target Center,Minnesota Timberwolves,LA Clippers,
588,12,6/1/2023 20:00,Ball Arena,Denver Nuggets,Cleveland Cavaliers,
589,12,6/1/2023 21:00,Footprint Center,Phoenix Suns,Miami Heat,
590,12,6/1/2023 21:30,Crypto.com Arena,Los Angeles Lakers,Atlanta Hawks,
591,12,7/1/2023 17:00,AT&T Center,San Antonio Spurs,Boston Celtics,
592,12,7/1/2023 19:00,United Center,Chicago Bulls,Utah Jazz,
593,12,7/1/2023 19:00,American Airlines Center,Dallas Mavericks,New Orleans Pelicans,
594,12,7/1/2023 19:30,Chase Center,Golden State Warriors,Orlando Magic,
595,12,7/1/2023 21:00,Golden 1 Center,Sacramento Kings,Los Angeles Lakers,
596,12,8/1/2023 14:00,Little Caesars Arena,Detroit Pistons,Philadelphia 76ers,
597,12,8/1/2023 14:30,Scotiabank Arena,Toronto Raptors,Portland Trail Blazers,
598,12,8/1/2023 16:00,Gainbridge Fieldhouse,Indiana Pacers,Charlotte Hornets,
599,12,8/1/2023 17:00,FTX Arena,Miami Heat,Brooklyn Nets,
600,12,8/1/2023 17:00,FedExForum,Memphis Grizzlies,Utah Jazz,
601,12,8/1/2023 18:00,Toyota Center,Houston Rockets,Minnesota Timberwolves,
602,12,8/1/2023 18:00,Paycom Center,Oklahoma City Thunder,Dallas Mavericks,
603,12,8/1/2023 19:00,Footprint Center,Phoenix Suns,Cleveland Cavaliers,
604,12,8/1/2023 20:00,Crypto.com Arena,LA Clippers,Atlanta Hawks,
605,12,9/1/2023 18:00,Capital One Arena,Washington Wizards,New Orleans Pelicans,
606,12,9/1/2023 18:30,TD Garden,Boston Celtics,Chicago Bulls,
607,12,9/1/2023 18:30,Madison Square Garden,New York Knicks,Milwaukee Bucks,
608,12,9/1/2023 19:00,FedExForum,Memphis Grizzlies,San Antonio Spurs,
609,12,9/1/2023 20:00,Ball Arena,Denver Nuggets,Los Angeles Lakers,
610,12,9/1/2023 21:00,Golden 1 Center,Sacramento Kings,Orlando Magic,
611,12,10/1/2023 18:30,FTX Arena,Miami Heat,Oklahoma City Thunder,
612,12,10/1/2023 18:30,Wells Fargo Center,Philadelphia 76ers,Detroit Pistons,
613,12,10/1/2023 18:30,Scotiabank Arena,Toronto Raptors,Charlotte Hornets,
614,12,10/1/2023 20:00,Vivint Arena,Utah Jazz,Cleveland Cavaliers,
615,12,10/1/2023 21:00,Chase Center,Golden State Warriors,Phoenix Suns,
616,12,10/1/2023 21:00,Moda Center,Portland Trail Blazers,Orlando Magic,
617,12,10/1/2023 21:30,Crypto.com Arena,LA Clippers,Dallas Mavericks,
618,12,11/1/2023 18:00,Little Caesars Arena,Detroit Pistons,Minnesota Timberwolves,
619,12,11/1/2023 18:00,Capital One Arena,Washington Wizards,Chicago Bulls,
620,12,11/1/2023 18:30,State Farm Arena,Atlanta Hawks,Milwaukee Bucks,
621,12,11/1/2023 18:30,TD Garden,Boston Celtics,New Orleans Pelicans,
622,12,11/1/2023 18:30,Madison Square Garden,New York Knicks,Indiana Pacers,
623,12,11/1/2023 19:00,FedExForum,Memphis Grizzlies,San Antonio Spurs,
624,12,11/1/2023 20:00,Ball Arena,Denver Nuggets,Phoenix Suns,
625,12,11/1/2023 21:00,Golden 1 Center,Sacramento Kings,Houston Rockets,
626,13,12/1/2023 18:00,Wells Fargo Center,Philadelphia 76ers,Oklahoma City Thunder,
627,13,12/1/2023 18:30,Barclays Center,Brooklyn Nets,Boston Celtics,
628,13,12/1/2023 18:30,FTX Arena,Miami Heat,Milwaukee Bucks,
629,13,12/1/2023 18:30,Scotiabank Arena,Toronto Raptors,Charlotte Hornets,
630,13,12/1/2023 21:00,Crypto.com Arena,Los Angeles Lakers,Dallas Mavericks,
631,13,12/1/2023 21:00,Moda Center,Portland Trail Blazers,Cleveland Cavaliers,
632,13,13/01/2023 18:00,Little Caesars Arena,Detroit Pistons,New Orleans Pelicans,
633,13,13/01/2023 18:00,Gainbridge Fieldhouse,Indiana Pacers,Atlanta Hawks,
634,13,13/01/2023 18:00,Capital One Arena,Washington Wizards,New York Knicks,
635,13,13/01/2023 18:30,Alamodome,San Antonio Spurs,Golden State Warriors,
636,13,13/01/2023 19:00,United Center,Chicago Bulls,Oklahoma City Thunder,
637,13,13/01/2023 19:00,Target Center,Minnesota Timberwolves,Phoenix Suns,
638,13,13/01/2023 20:00,Vivint Arena,Utah Jazz,Orlando Magic,
639,13,13/01/2023 21:00,Crypto.com Arena,LA Clippers,Denver Nuggets,
640,13,13/01/2023 21:00,Golden 1 Center,Sacramento Kings,Houston Rockets,
641,13,14/01/2023 12:00,FTX Arena,Miami Heat,Milwaukee Bucks,
642,13,14/01/2023 18:00,Spectrum Center,Charlotte Hornets,Boston Celtics,
643,13,14/01/2023 18:00,Gainbridge Fieldhouse,Indiana Pacers,Memphis Grizzlies,
644,13,14/01/2023 18:30,Scotiabank Arena,Toronto Raptors,Atlanta Hawks,
645,13,14/01/2023 19:00,Target Center,Minnesota Timberwolves,Cleveland Cavaliers,
646,13,14/01/2023 20:00,Vivint Arena,Utah Jazz,Philadelphia 76ers,
647,13,14/01/2023 21:00,Moda Center,Portland Trail Blazers,Dallas Mavericks,
648,13,15/01/2023 12:00,Little Caesars Arena,Detroit Pistons,New York Knicks,
649,13,15/01/2023 14:00,Crypto.com Arena,LA Clippers,Houston Rockets,
650,13,15/01/2023 14:30,United Center,Chicago Bulls,Golden State Warriors,
651,13,15/01/2023 17:00,Barclays Center,Brooklyn Nets,Oklahoma City Thunder,
652,13,15/01/2023 18:00,AT&T Center,San Antonio Spurs,Sacramento Kings,
653,13,15/01/2023 19:00,Ball Arena,Denver Nuggets,Orlando Magic,
654,13,15/01/2023 20:00,Moda Center,Portland Trail Blazers,Dallas Mavericks,
655,13,15/01/2023 20:30,Crypto.com Arena,Los Angeles Lakers,Philadelphia 76ers,
656,13,16/01/2023 12:00,Spectrum Center,Charlotte Hornets,Boston Celtics,
657,13,16/01/2023 13:30,Fiserv Forum,Milwaukee Bucks,Indiana Pacers,
658,13,16/01/2023 14:00,Rocket Mortgage FieldHouse,Cleveland Cavaliers,New Orleans Pelicans,
659,13,16/01/2023 14:00,Madison Square Garden,New York Knicks,Toronto Raptors,
660,13,16/01/2023 14:00,Capital One Arena,Washington Wizards,Golden State Warriors,
661,13,16/01/2023 14:30,State Farm Arena,Atlanta Hawks,Miami Heat,
662,13,16/01/2023 15:00,Target Center,Minnesota Timberwolves,Utah Jazz,
663,13,16/01/2023 17:00,FedExForum,Memphis Grizzlies,Phoenix Suns,
664,13,16/01/2023 21:30,Crypto.com Arena,Los Angeles Lakers,Houston Rockets,
665,13,17/01/2023 18:30,Fiserv Forum,Milwaukee Bucks,Toronto Raptors,
666,13,17/01/2023 19:00,AT&T Center,San Antonio Spurs,Brooklyn Nets,
667,13,17/01/2023 20:00,Ball Arena,Denver Nuggets,Portland Trail Blazers,
668,13,17/01/2023 21:00,Crypto.com Arena,LA Clippers,Philadelphia 76ers,
669,13,18/01/2023 18:30,Madison Square Garden,New York Knicks,Washington Wizards,
670,13,18/01/2023 18:30,American Airlines Center,Dallas Mavericks,Atlanta Hawks,
671,13,18/01/2023 19:00,Toyota Center,Houston Rockets,Charlotte Hornets,
672,13,18/01/2023 19:00,FedExForum,Memphis Grizzlies,Cleveland Cavaliers,
673,13,18/01/2023 19:00,Smoothie King Center,New Orleans Pelicans,Miami Heat,
674,13,18/01/2023 19:00,Paycom Center,Oklahoma City Thunder,Indiana Pacers,
675,13,18/01/2023 20:00,Vivint Arena,Utah Jazz,LA Clippers,
676,13,18/01/2023 21:00,Ball Arena,Denver Nuggets,Minnesota Timberwolves,
677,13,18/01/2023 21:30,Crypto.com Arena,Los Angeles Lakers,Sacramento Kings,
678,14,19/01/2023 14:00,Accor Arena,Detroit Pistons,Chicago Bulls,
679,14,19/01/2023 18:30,TD Garden,Boston Celtics,Golden State Warriors,
680,14,19/01/2023 19:00,Target Center,Minnesota Timberwolves,Toronto Raptors,
681,14,19/01/2023 21:00,Footprint Center,Phoenix Suns,Brooklyn Nets,
682,14,19/01/2023 21:00,Moda Center,Portland Trail Blazers,Philadelphia 76ers,
683,14,20/01/2023 18:00,Amway Center,Orlando Magic,New Orleans Pelicans,
684,14,20/01/2023 18:30,State Farm Arena,Atlanta Hawks,New York Knicks,
685,14,20/01/2023 18:30,Rocket Mortgage FieldHouse,Cleveland Cavaliers,Golden State Warriors,
686,14,20/01/2023 18:30,American Airlines Center,Dallas Mavericks,Miami Heat,
687,14,20/01/2023 19:00,AT&T Center,San Antonio Spurs,LA Clippers,
688,14,20/01/2023 20:00,Ball Arena,Denver Nuggets,Indiana Pacers,
689,14,20/01/2023 20:00,Vivint Arena,Utah Jazz,Brooklyn Nets,
690,14,20/01/2023 21:00,Crypto.com Arena,Los Angeles Lakers,Memphis Grizzlies,
691,14,20/01/2023 21:00,Golden 1 Center,Sacramento Kings,Oklahoma City Thunder,
692,14,21/01/2023 16:00,Scotiabank Arena,Toronto Raptors,Boston Celtics,
693,14,21/01/2023 18:00,Capital One Arena,Washington Wizards,Orlando Magic,
694,14,21/01/2023 18:30,State Farm Arena,Atlanta Hawks,Charlotte Hornets,
695,14,21/01/2023 18:30,Rocket Mortgage FieldHouse,Cleveland Cavaliers,Milwaukee Bucks,
696,14,21/01/2023 19:00,Target Center,Minnesota Timberwolves,Houston Rockets,
697,14,21/01/2023 20:00,Footprint Center,Phoenix Suns,Indiana Pacers,
698,14,21/01/2023 21:00,Golden 1 Center,Sacramento Kings,Philadelphia 76ers,
699,14,22/01/2023 14:30,FTX Arena,Miami Heat,New Orleans Pelicans,
700,14,22/01/2023 17:00,Scotiabank Arena,Toronto Raptors,New York Knicks,
701,14,22/01/2023 18:30,American Airlines Center,Dallas Mavericks,LA Clippers,
702,14,22/01/2023 19:00,Ball Arena,Denver Nuggets,Oklahoma City Thunder,
703,14,22/01/2023 19:00,Footprint Center,Phoenix Suns,Memphis Grizzlies,
704,14,22/01/2023 19:30,Chase Center,Golden State Warriors,Brooklyn Nets,
705,14,22/01/2023 20:00,Moda Center,Portland Trail Blazers,Los Angeles Lakers,
706,14,23/01/2023 18:00,Little Caesars Arena,Detroit Pistons,Milwaukee Bucks,
707,14,23/01/2023 18:00,Amway Center,Orlando Magic,Boston Celtics,
708,14,23/01/2023 19:00,United Center,Chicago Bulls,Atlanta Hawks,
709,14,23/01/2023 19:00,Toyota Center,Houston Rockets,Minnesota Timberwolves,
710,14,23/01/2023 20:00,Vivint Arena,Utah Jazz,Charlotte Hornets,
711,14,23/01/2023 21:00,Moda Center,Portland Trail Blazers,San Antonio Spurs,
712,14,23/01/2023 21:30,Golden 1 Center,Sacramento Kings,Memphis Grizzlies,
713,14,24/01/2023 18:00,Gainbridge Fieldhouse,Indiana Pacers,Chicago Bulls,
714,14,24/01/2023 18:30,FTX Arena,Miami Heat,Boston Celtics,
715,14,24/01/2023 18:30,Madison Square Garden,New York Knicks,Cleveland Cavaliers,
716,14,24/01/2023 19:00,Smoothie King Center,New Orleans Pelicans,Denver Nuggets,
717,14,24/01/2023 19:30,American Airlines Center,Dallas Mavericks,Washington Wizards,
718,14,24/01/2023 20:00,Footprint Center,Phoenix Suns,Charlotte Hornets,
719,14,24/01/2023 21:00,Crypto.com Arena,Los Angeles Lakers,LA Clippers,
720,14,25/01/2023 18:00,Amway Center,Orlando Magic,Indiana Pacers,
721,14,25/01/2023 18:30,Wells Fargo Center,Philadelphia 76ers,Brooklyn Nets,
722,14,25/01/2023 19:00,Toyota Center,Houston Rockets,Washington Wizards,
723,14,25/01/2023 19:00,Fiserv Forum,Milwaukee Bucks,Denver Nuggets,
724,14,25/01/2023 19:00,Smoothie King Center,New Orleans Pelicans,Minnesota Timberwolves,
725,14,25/01/2023 19:00,Paycom Center,Oklahoma City Thunder,Atlanta Hawks,
726,14,25/01/2023 21:00,Chase Center,Golden State Warriors,Memphis Grizzlies,
727,14,25/01/2023 21:00,Moda Center,Portland Trail Blazers,Utah Jazz,
728,14,25/01/2023 21:00,Golden 1 Center,Sacramento Kings,Toronto Raptors,
729,14,25/01/2023 21:30,Crypto.com Arena,Los Angeles Lakers,San Antonio Spurs,
730,15,26/01/2023 18:30,TD Garden,Boston Celtics,New York Knicks,
731,15,26/01/2023 18:30,Barclays Center,Brooklyn Nets,Detroit Pistons,
732,15,26/01/2023 18:30,Spectrum Center,Charlotte Hornets,Chicago Bulls,
733,15,26/01/2023 19:00,Toyota Center,Houston Rockets,Cleveland Cavaliers,
734,15,26/01/2023 21:00,Footprint Center,Phoenix Suns,Dallas Mavericks,
735,15,26/01/2023 21:30,Crypto.com Arena,LA Clippers,San Antonio Spurs,
736,15,27/01/2023 18:00,Gainbridge Fieldhouse,Indiana Pacers,Milwaukee Bucks,
737,15,27/01/2023 18:30,Target Center,Minnesota Timberwolves,Memphis Grizzlies,
738,15,27/01/2023 19:00,FTX Arena,Miami Heat,Orlando Magic,
739,15,27/01/2023 19:00,Paycom Center,Oklahoma City Thunder,Cleveland Cavaliers,
740,15,27/01/2023 21:00,Chase Center,Golden State Warriors,Toronto Raptors,
741,15,28/01/2023 14:00,Wells Fargo Center,Philadelphia 76ers,Denver Nuggets,
742,15,28/01/2023 16:30,Barclays Center,Brooklyn Nets,New York Knicks,
743,15,28/01/2023 18:00,Little Caesars Arena,Detroit Pistons,Houston Rockets,
744,15,28/01/2023 18:00,Amway Center,Orlando Magic,Chicago Bulls,
745,15,28/01/2023 18:30,State Farm Arena,Atlanta Hawks,LA Clippers,
746,15,28/01/2023 19:00,Target Center,Minnesota Timberwolves,Sacramento Kings,
747,15,28/01/2023 19:00,Smoothie King Center,New Orleans Pelicans,Washington Wizards,
748,15,28/01/2023 19:00,AT&T Center,San Antonio Spurs,Phoenix Suns,
749,15,28/01/2023 19:30,TD Garden,Boston Celtics,Los Angeles Lakers,
750,15,28/01/2023 20:00,Vivint Arena,Utah Jazz,Dallas Mavericks,
751,15,28/01/2023 21:00,Moda Center,Portland Trail Blazers,Toronto Raptors,
752,15,29/01/2023 12:00,Spectrum Center,Charlotte Hornets,Miami Heat,
753,15,29/01/2023 17:00,FedExForum,Memphis Grizzlies,Indiana Pacers,
754,15,29/01/2023 18:00,Rocket Mortgage FieldHouse,Cleveland Cavaliers,LA Clippers,
755,15,29/01/2023 19:00,Fiserv Forum,Milwaukee Bucks,New Orleans Pelicans,
756,15,30/01/2023 18:00,Wells Fargo Center,Philadelphia 76ers,Orlando Magic,
757,15,30/01/2023 18:30,Barclays Center,Brooklyn Nets,Los Angeles Lakers,
758,15,30/01/2023 19:00,Target Center,Minnesota Timberwolves,Sacramento Kings,
759,15,30/01/2023 19:00,Paycom Center,Oklahoma City Thunder,Golden State Warriors,
760,15,30/01/2023 19:00,AT&T Center,San Antonio Spurs,Washington Wizards,
761,15,30/01/2023 19:30,American Airlines Center,Dallas Mavericks,Detroit Pistons,
762,15,30/01/2023 20:00,Footprint Center,Phoenix Suns,Toronto Raptors,
763,15,30/01/2023 21:00,Moda Center,Portland Trail Blazers,Atlanta Hawks,
764,15,31/01/2023 18:00,Rocket Mortgage FieldHouse,Cleveland Cavaliers,Miami Heat,
765,15,31/01/2023 18:30,Madison Square Garden,New York Knicks,Los Angeles Lakers,
766,15,31/01/2023 19:00,United Center,Chicago Bulls,LA Clippers,
767,15,31/01/2023 19:00,Fiserv Forum,Milwaukee Bucks,Charlotte Hornets,
768,15,31/01/2023 21:00,Ball Arena,Denver Nuggets,New Orleans Pelicans,
769,15,1/2/2023 18:00,Little Caesars Arena,Detroit Pistons,Washington Wizards,
770,15,1/2/2023 18:00,Wells Fargo Center,Philadelphia 76ers,Orlando Magic,
771,15,1/2/2023 18:00,FedExForum,Memphis Grizzlies,Portland Trail Blazers,
772,15,1/2/2023 18:30,TD Garden,Boston Celtics,Brooklyn Nets,
773,15,1/2/2023 19:00,Toyota Center,Houston Rockets,Oklahoma City Thunder,
774,15,1/2/2023 19:00,Target Center,Minnesota Timberwolves,Golden State Warriors,
775,15,1/2/2023 19:00,AT&T Center,San Antonio Spurs,Sacramento Kings,
776,15,1/2/2023 20:00,Vivint Arena,Utah Jazz,Toronto Raptors,
777,15,1/2/2023 21:00,Footprint Center,Phoenix Suns,Atlanta Hawks,
778,16,2/2/2023 18:00,Gainbridge Fieldhouse,Indiana Pacers,Los Angeles Lakers,
779,16,2/2/2023 18:30,Rocket Mortgage FieldHouse,Cleveland Cavaliers,Memphis Grizzlies,
780,16,2/2/2023 18:30,Madison Square Garden,New York Knicks,Miami Heat,
781,16,2/2/2023 19:00,United Center,Chicago Bulls,Charlotte Hornets,
782,16,2/2/2023 19:30,American Airlines Center,Dallas Mavericks,New Orleans Pelicans,
783,16,2/2/2023 20:00,Ball Arena,Denver Nuggets,Golden State Warriors,
784,16,2/2/2023 21:00,Fiserv Forum,Milwaukee Bucks,LA Clippers,
785,16,3/2/2023 18:00,Little Caesars Arena,Detroit Pistons,Charlotte Hornets,
786,16,3/2/2023 18:00,Gainbridge Fieldhouse,Indiana Pacers,Sacramento Kings,
787,16,3/2/2023 18:00,Capital One Arena,Washington Wizards,Portland Trail Blazers,
788,16,3/2/2023 18:30,TD Garden,Boston Celtics,Phoenix Suns,
789,16,3/2/2023 19:00,Toyota Center,Houston Rockets,Toronto Raptors,
790,16,3/2/2023 19:00,Target Center,Minnesota Timberwolves,Orlando Magic,
791,16,3/2/2023 19:00,AT&T Center,San Antonio Spurs,Philadelphia 76ers,
792,16,3/2/2023 20:00,Vivint Arena,Utah Jazz,Atlanta Hawks,
793,16,4/2/2023 17:00,Barclays Center,Brooklyn Nets,Washington Wizards,
794,16,4/2/2023 18:00,Little Caesars Arena,Detroit Pistons,Phoenix Suns,
795,16,4/2/2023 18:00,Madison Square Garden,New York Knicks,LA Clippers,
796,16,4/2/2023 19:00,United Center,Chicago Bulls,Portland Trail Blazers,
797,16,4/2/2023 19:00,Fiserv Forum,Milwaukee Bucks,Miami Heat,
798,16,4/2/2023 19:00,Smoothie King Center,New Orleans Pelicans,Los Angeles Lakers,
799,16,4/2/2023 19:00,Paycom Center,Oklahoma City Thunder,Houston Rockets,
800,16,4/2/2023 19:30,Chase Center,Golden State Warriors,Dallas Mavericks,
801,16,4/2/2023 20:00,Ball Arena,Denver Nuggets,Atlanta Hawks,
802,16,5/2/2023 12:00,Spectrum Center,Charlotte Hornets,Orlando Magic,
803,16,5/2/2023 16:00,Gainbridge Fieldhouse,Indiana Pacers,Cleveland Cavaliers,
804,16,5/2/2023 17:00,Madison Square Garden,New York Knicks,Philadelphia 76ers,
805,16,5/2/2023 17:00,FedExForum,Memphis Grizzlies,Toronto Raptors,
806,16,5/2/2023 18:00,Target Center,Minnesota Timberwolves,Denver Nuggets,
807,16,5/2/2023 18:00,Smoothie King Center,New Orleans Pelicans,Sacramento Kings,
808,16,6/2/2023 18:00,Little Caesars Arena,Detroit Pistons,Boston Celtics,
809,16,6/2/2023 18:00,Capital One Arena,Washington Wizards,Cleveland Cavaliers,
810,16,6/2/2023 18:30,Barclays Center,Brooklyn Nets,LA Clippers,
811,16,6/2/2023 19:00,United Center,Chicago Bulls,San Antonio Spurs,
812,16,6/2/2023 19:00,Toyota Center,Houston Rockets,Sacramento Kings,
813,16,6/2/2023 20:00,Vivint Arena,Utah Jazz,Dallas Mavericks,
814,16,6/2/2023 21:00,Chase Center,Golden State Warriors,Oklahoma City Thunder,
815,16,6/2/2023 21:00,Moda Center,Portland Trail Blazers,Milwaukee Bucks,
816,16,7/2/2023 18:00,Amway Center,Orlando Magic,New York Knicks,
817,16,7/2/2023 18:30,Barclays Center,Brooklyn Nets,Phoenix Suns,
818,16,7/2/2023 18:30,Smoothie King Center,New Orleans Pelicans,Atlanta Hawks,
819,16,7/2/2023 19:00,FedExForum,Memphis Grizzlies,Chicago Bulls,
820,16,7/2/2023 21:00,Ball Arena,Denver Nuggets,Minnesota Timberwolves,
821,16,7/2/2023 21:30,Crypto.com Arena,Los Angeles Lakers,Oklahoma City Thunder,
822,16,8/2/2023 18:00,Rocket Mortgage FieldHouse,Cleveland Cavaliers,Detroit Pistons,
823,16,8/2/2023 18:00,Capital One Arena,Washington Wizards,Charlotte Hornets,
824,16,8/2/2023 18:30,TD Garden,Boston Celtics,Philadelphia 76ers,
825,16,8/2/2023 18:30,FTX Arena,Miami Heat,Indiana Pacers,
826,16,8/2/2023 18:30,Scotiabank Arena,Toronto Raptors,San Antonio Spurs,
827,16,8/2/2023 19:00,Toyota Center,Houston Rockets,Sacramento Kings,
828,16,8/2/2023 20:00,Vivint Arena,Utah Jazz,Minnesota Timberwolves,
829,16,8/2/2023 21:00,Crypto.com Arena,LA Clippers,Dallas Mavericks,
830,16,8/2/2023 21:00,Moda Center,Portland Trail Blazers,Golden State Warriors,
831,17,9/2/2023 18:00,Amway Center,Orlando Magic,Denver Nuggets,
832,17,9/2/2023 18:30,State Farm Arena,Atlanta Hawks,Phoenix Suns,
833,17,9/2/2023 18:30,Barclays Center,Brooklyn Nets,Chicago Bulls,
834,17,9/2/2023 21:00,Crypto.com Arena,Los Angeles Lakers,Milwaukee Bucks,
835,17,10/2/2023 18:00,Little Caesars Arena,Detroit Pistons,San Antonio Spurs,
836,17,10/2/2023 18:00,Gainbridge Fieldhouse,Indiana Pacers,Phoenix Suns,
837,17,10/2/2023 18:00,Wells Fargo Center,Philadelphia 76ers,New York Knicks,
838,17,10/2/2023 18:30,TD Garden,Boston Celtics,Charlotte Hornets,
839,17,10/2/2023 18:30,Scotiabank Arena,Toronto Raptors,Utah Jazz,
840,17,10/2/2023 19:00,FTX Arena,Miami Heat,Houston Rockets,
841,17,10/2/2023 19:00,FedExForum,Memphis Grizzlies,Minnesota Timberwolves,
842,17,10/2/2023 21:00,Smoothie King Center,New Orleans Pelicans,Cleveland Cavaliers,
843,17,10/2/2023 21:00,Moda Center,Portland Trail Blazers,Oklahoma City Thunder,
844,17,10/2/2023 21:00,Golden 1 Center,Sacramento Kings,Dallas Mavericks,
845,17,10/2/2023 21:30,Crypto.com Arena,LA Clippers,Milwaukee Bucks,
846,17,11/2/2023 17:00,Barclays Center,Brooklyn Nets,Philadelphia 76ers,
847,17,11/2/2023 18:00,Spectrum Center,Charlotte Hornets,Denver Nuggets,
848,17,11/2/2023 18:00,Amway Center,Orlando Magic,Miami Heat,
849,17,11/2/2023 18:00,Capital One Arena,Washington Wizards,Indiana Pacers,
850,17,11/2/2023 18:30,State Farm Arena,Atlanta Hawks,San Antonio Spurs,
851,17,11/2/2023 18:30,Madison Square Garden,New York Knicks,Utah Jazz,
852,17,11/2/2023 19:00,Rocket Mortgage FieldHouse,Cleveland Cavaliers,Chicago Bulls,
853,17,11/2/2023 19:30,Chase Center,Golden State Warriors,Los Angeles Lakers,
854,17,11/2/2023 21:00,Golden 1 Center,Sacramento Kings,Dallas Mavericks,
855,17,12/2/2023 13:00,TD Garden,Boston Celtics,Memphis Grizzlies,
856,17,12/2/2023 14:00,Scotiabank Arena,Toronto Raptors,Detroit Pistons,
857,17,13/02/2023 18:00,Spectrum Center,Charlotte Hornets,Atlanta Hawks,
858,17,13/02/2023 18:00,Rocket Mortgage FieldHouse,Cleveland Cavaliers,San Antonio Spurs,
859,17,13/02/2023 18:00,Gainbridge Fieldhouse,Indiana Pacers,Utah Jazz,
860,17,13/02/2023 18:00,Wells Fargo Center,Philadelphia 76ers,Houston Rockets,
861,17,13/02/2023 18:30,FTX Arena,Miami Heat,Denver Nuggets,
862,17,13/02/2023 18:30,Madison Square Garden,New York Knicks,Brooklyn Nets,
863,17,13/02/2023 19:00,United Center,Chicago Bulls,Orlando Magic,
864,17,13/02/2023 19:00,Paycom Center,Oklahoma City Thunder,New Orleans Pelicans,
865,17,13/02/2023 19:30,American Airlines Center,Dallas Mavericks,Minnesota Timberwolves,
866,17,13/02/2023 21:00,Chase Center,Golden State Warriors,Washington Wizards,
867,17,13/02/2023 21:00,Moda Center,Portland Trail Blazers,Los Angeles Lakers,
868,17,14/02/2023 18:30,Scotiabank Arena,Toronto Raptors,Orlando Magic,
869,17,14/02/2023 18:30,Fiserv Forum,Milwaukee Bucks,Boston Celtics,
870,17,14/02/2023 20:00,Footprint Center,Phoenix Suns,Sacramento Kings,
871,17,14/02/2023 21:00,Crypto.com Arena,LA Clippers,Golden State Warriors,
872,17,14/02/2023 21:00,Moda Center,Portland Trail Blazers,Washington Wizards,
873,17,15/02/2023 18:00,Spectrum Center,Charlotte Hornets,San Antonio Spurs,
874,17,15/02/2023 18:00,Gainbridge Fieldhouse,Indiana Pacers,Chicago Bulls,
875,17,15/02/2023 18:00,Wells Fargo Center,Philadelphia 76ers,Cleveland Cavaliers,
876,17,15/02/2023 18:30,State Farm Arena,Atlanta Hawks,New York Knicks,
877,17,15/02/2023 18:30,TD Garden,Boston Celtics,Detroit Pistons,
878,17,15/02/2023 18:30,Barclays Center,Brooklyn Nets,Miami Heat,
879,17,15/02/2023 19:00,FedExForum,Memphis Grizzlies,Utah Jazz,
880,17,15/02/2023 19:00,Paycom Center,Oklahoma City Thunder,Houston Rockets,
881,17,15/02/2023 20:00,Ball Arena,Denver Nuggets,Dallas Mavericks,
882,17,15/02/2023 21:00,Crypto.com Arena,Los Angeles Lakers,New Orleans Pelicans,
883,17,16/02/2023 18:30,United Center,Chicago Bulls,Milwaukee Bucks,
884,17,16/02/2023 19:00,Target Center,Minnesota Timberwolves,Washington Wizards,
885,17,16/02/2023 21:00,Footprint Center,Phoenix Suns,LA Clippers,
886,18,23/02/2023 18:00,Rocket Mortgage FieldHouse,Cleveland Cavaliers,Denver Nuggets,
887,18,23/02/2023 18:00,Gainbridge Fieldhouse,Indiana Pacers,Boston Celtics,
888,18,23/02/2023 18:00,Amway Center,Orlando Magic,Detroit Pistons,
889,18,23/02/2023 18:30,Wells Fargo Center,Philadelphia 76ers,Memphis Grizzlies,
890,18,23/02/2023 18:30,Scotiabank Arena,Toronto Raptors,New Orleans Pelicans,
891,18,23/02/2023 19:30,American Airlines Center,Dallas Mavericks,San Antonio Spurs,
892,18,23/02/2023 20:00,Vivint Arena,Utah Jazz,Oklahoma City Thunder,
893,18,23/02/2023 21:00,Crypto.com Arena,Los Angeles Lakers,Golden State Warriors,
894,18,23/02/2023 21:00,Golden 1 Center,Sacramento Kings,Portland Trail Blazers,
895,18,24/02/2023 18:00,Capital One Arena,Washington Wizards,New York Knicks,
896,18,24/02/2023 18:30,State Farm Arena,Atlanta Hawks,Cleveland Cavaliers,
897,18,24/02/2023 18:30,Fiserv Forum,Milwaukee Bucks,Miami Heat,
898,18,24/02/2023 19:00,Target Center,Minnesota Timberwolves,Charlotte Hornets,
899,18,24/02/2023 20:00,Footprint Center,Phoenix Suns,Oklahoma City Thunder,
900,18,24/02/2023 21:00,United Center,Chicago Bulls,Brooklyn Nets,
901,18,24/02/2023 21:00,Chase Center,Golden State Warriors,Houston Rockets,
902,18,24/02/2023 21:30,Crypto.com Arena,LA Clippers,Sacramento Kings,
903,18,25/02/2023 11:00,Little Caesars Arena,Detroit Pistons,Toronto Raptors,
904,18,25/02/2023 18:00,Spectrum Center,Charlotte Hornets,Miami Heat,
905,18,25/02/2023 18:00,Amway Center,Orlando Magic,Indiana Pacers,
906,18,25/02/2023 18:30,Madison Square Garden,New York Knicks,New Orleans Pelicans,
907,18,25/02/2023 19:00,FedExForum,Memphis Grizzlies,Denver Nuggets,
908,18,25/02/2023 19:30,Wells Fargo Center,Philadelphia 76ers,Boston Celtics,
909,18,25/02/2023 20:00,Vivint Arena,Utah Jazz,San Antonio Spurs,
910,18,26/02/2023 12:00,Fiserv Forum,Milwaukee Bucks,Phoenix Suns,
911,18,26/02/2023 14:00,State Farm Arena,Atlanta Hawks,Brooklyn Nets,
912,18,26/02/2023 14:30,United Center,Chicago Bulls,Washington Wizards,
913,18,26/02/2023 14:30,American Airlines Center,Dallas Mavericks,Los Angeles Lakers,
914,18,26/02/2023 17:00,Rocket Mortgage FieldHouse,Cleveland Cavaliers,Toronto Raptors,
915,18,26/02/2023 18:00,Paycom Center,Oklahoma City Thunder,Sacramento Kings,
916,18,26/02/2023 18:30,Chase Center,Golden State Warriors,Minnesota Timberwolves,
917,18,26/02/2023 20:00,Moda Center,Portland Trail Blazers,Houston Rockets,
918,18,26/02/2023 21:00,Ball Arena,Denver Nuggets,LA Clippers,
919,18,27/02/2023 18:00,Spectrum Center,Charlotte Hornets,Detroit Pistons,
920,18,27/02/2023 18:00,Wells Fargo Center,Philadelphia 76ers,Miami Heat,
921,18,27/02/2023 18:30,Madison Square Garden,New York Knicks,Boston Celtics,
922,18,27/02/2023 19:00,Smoothie King Center,New Orleans Pelicans,Orlando Magic,
923,18,28/02/2023 18:30,State Farm Arena,Atlanta Hawks,Washington Wizards,
924,18,28/02/2023 18:30,Barclays Center,Brooklyn Nets,Milwaukee Bucks,
925,18,28/02/2023 18:30,Scotiabank Arena,Toronto Raptors,Chicago Bulls,
926,18,28/02/2023 19:00,Toyota Center,Houston Rockets,Denver Nuggets,
927,18,28/02/2023 19:00,FedExForum,Memphis Grizzlies,Los Angeles Lakers,
928,18,28/02/2023 19:00,Paycom Center,Oklahoma City Thunder,Sacramento Kings,
929,18,28/02/2023 19:30,American Airlines Center,Dallas Mavericks,Indiana Pacers,
930,18,28/02/2023 20:00,Vivint Arena,Utah Jazz,San Antonio Spurs,
931,18,28/02/2023 21:00,Chase Center,Golden State Warriors,Portland Trail Blazers,
932,18,28/02/2023 21:00,Crypto.com Arena,LA Clippers,Minnesota Timberwolves,
933,18,1/3/2023 18:00,Spectrum Center,Charlotte Hornets,Phoenix Suns,
934,18,1/3/2023 18:00,Little Caesars Arena,Detroit Pistons,Chicago Bulls,
935,18,1/3/2023 18:30,TD Garden,Boston Celtics,Cleveland Cavaliers,
936,18,1/3/2023 18:30,FTX Arena,Miami Heat,Philadelphia 76ers,
937,18,1/3/2023 18:30,Madison Square Garden,New York Knicks,Brooklyn Nets,
938,18,1/3/2023 19:00,Toyota Center,Houston Rockets,Memphis Grizzlies,
939,18,1/3/2023 19:00,Fiserv Forum,Milwaukee Bucks,Orlando Magic,
940,18,1/3/2023 19:00,Paycom Center,Oklahoma City Thunder,Los Angeles Lakers,
941,18,1/3/2023 21:00,Moda Center,Portland Trail Blazers,New Orleans Pelicans,
942,19,2/3/2023 18:00,Capital One Arena,Washington Wizards,Toronto Raptors,
943,19,2/3/2023 18:30,American Airlines Center,Dallas Mavericks,Philadelphia 76ers,
944,19,2/3/2023 19:30,AT&T Center,San Antonio Spurs,Indiana Pacers,
945,19,2/3/2023 21:00,Chase Center,Golden State Warriors,LA Clippers,
946,19,3/3/2023 18:00,Spectrum Center,Charlotte Hornets,Orlando Magic,
947,19,3/3/2023 18:30,State Farm Arena,Atlanta Hawks,Portland Trail Blazers,
948,19,3/3/2023 18:30,TD Garden,Boston Celtics,Brooklyn Nets,
949,19,3/3/2023 19:00,FTX Arena,Miami Heat,New York Knicks,
950,19,3/3/2023 19:00,United Center,Chicago Bulls,Phoenix Suns,
951,19,3/3/2023 19:00,Paycom Center,Oklahoma City Thunder,Utah Jazz,
952,19,3/3/2023 21:00,Ball Arena,Denver Nuggets,Memphis Grizzlies,
953,19,3/3/2023 21:00,Chase Center,Golden State Warriors,New Orleans Pelicans,
954,19,3/3/2023 21:00,Golden 1 Center,Sacramento Kings,LA Clippers,
955,19,3/3/2023 21:30,Crypto.com Arena,Los Angeles Lakers,Minnesota Timberwolves,
956,19,4/3/2023 16:00,Capital One Arena,Washington Wizards,Toronto Raptors,
957,19,4/3/2023 19:00,Rocket Mortgage FieldHouse,Cleveland Cavaliers,Detroit Pistons,
958,19,4/3/2023 19:00,FTX Arena,Miami Heat,Atlanta Hawks,
959,19,4/3/2023 19:00,AT&T Center,San Antonio Spurs,Houston Rockets,
960,19,4/3/2023 19:30,Fiserv Forum,Milwaukee Bucks,Philadelphia 76ers,
961,19,4/3/2023 21:00,Golden 1 Center,Sacramento Kings,Minnesota Timberwolves,
962,19,5/3/2023 12:00,American Airlines Center,Dallas Mavericks,Phoenix Suns,
963,19,5/3/2023 14:30,United Center,Chicago Bulls,Indiana Pacers,
964,19,5/3/2023 14:30,Crypto.com Arena,Los Angeles Lakers,Golden State Warriors,
965,19,5/3/2023 17:00,Barclays Center,Brooklyn Nets,Charlotte Hornets,
966,19,5/3/2023 17:00,Amway Center,Orlando Magic,Portland Trail Blazers,
967,19,5/3/2023 18:00,Toyota Center,Houston Rockets,San Antonio Spurs,
968,19,5/3/2023 18:00,Paycom Center,Oklahoma City Thunder,Utah Jazz,
969,19,5/3/2023 18:30,TD Garden,Boston Celtics,New York Knicks,
970,19,5/3/2023 21:00,Crypto.com Arena,LA Clippers,Memphis Grizzlies,
971,19,6/3/2023 18:00,Rocket Mortgage FieldHouse,Cleveland Cavaliers,Boston Celtics,
972,19,6/3/2023 18:00,Gainbridge Fieldhouse,Indiana Pacers,Philadelphia 76ers,
973,19,6/3/2023 18:00,Capital One Arena,Washington Wizards,Milwaukee Bucks,
974,19,6/3/2023 18:30,FTX Arena,Miami Heat,Atlanta Hawks,
975,19,6/3/2023 20:00,Ball Arena,Denver Nuggets,Toronto Raptors,
976,19,6/3/2023 21:00,Golden 1 Center,Sacramento Kings,New Orleans Pelicans,
977,19,7/3/2023 18:00,Little Caesars Arena,Detroit Pistons,Portland Trail Blazers,
978,19,7/3/2023 18:00,Amway Center,Orlando Magic,Milwaukee Bucks,
979,19,7/3/2023 18:30,Madison Square Garden,New York Knicks,Charlotte Hornets,
980,19,7/3/2023 18:30,Target Center,Minnesota Timberwolves,Philadelphia 76ers,
981,19,7/3/2023 19:00,Toyota Center,Houston Rockets,Brooklyn Nets,
982,19,7/3/2023 19:00,Paycom Center,Oklahoma City Thunder,Golden State Warriors,
983,19,7/3/2023 19:30,American Airlines Center,Dallas Mavericks,Utah Jazz,
984,19,7/3/2023 21:00,Crypto.com Arena,Los Angeles Lakers,Memphis Grizzlies,
985,19,8/3/2023 18:00,Capital One Arena,Washington Wizards,Atlanta Hawks,
986,19,8/3/2023 18:30,TD Garden,Boston Celtics,Portland Trail Blazers,
987,19,8/3/2023 18:30,FTX Arena,Miami Heat,Cleveland Cavaliers,
988,19,8/3/2023 18:30,Smoothie King Center,New Orleans Pelicans,Dallas Mavericks,
989,19,8/3/2023 20:00,Ball Arena,Denver Nuggets,Chicago Bulls,
990,19,8/3/2023 20:00,Footprint Center,Phoenix Suns,Oklahoma City Thunder,
991,19,8/3/2023 21:00,Crypto.com Arena,LA Clippers,Toronto Raptors,
992,20,9/3/2023 18:00,Little Caesars Arena,Detroit Pistons,Charlotte Hornets,
993,20,9/3/2023 18:00,Gainbridge Fieldhouse,Indiana Pacers,Houston Rockets,
994,20,9/3/2023 18:00,Amway Center,Orlando Magic,Utah Jazz,
995,20,9/3/2023 18:30,Fiserv Forum,Milwaukee Bucks,Brooklyn Nets,
996,20,9/3/2023 21:00,FedExForum,Memphis Grizzlies,Golden State Warriors,
997,20,9/3/2023 21:00,Golden 1 Center,Sacramento Kings,New York Knicks,
998,20,10/3/2023 18:00,Wells Fargo Center,Philadelphia 76ers,Portland Trail Blazers,
999,20,10/3/2023 18:00,Capital One Arena,Washington Wizards,Atlanta Hawks,
1000,20,10/3/2023 19:00,FTX Arena,Miami Heat,Cleveland Cavaliers,
1001,20,10/3/2023 19:00,Target Center,Minnesota Timberwolves,Brooklyn Nets,
1002,20,10/3/2023 19:00,AT&T Center,San Antonio Spurs,Denver Nuggets,
1003,20,10/3/2023 21:30,Crypto.com Arena,Los Angeles Lakers,Toronto Raptors,
1004,20,11/3/2023 15:00,Crypto.com Arena,LA Clippers,New York Knicks,
1005,20,11/3/2023 18:00,Spectrum Center,Charlotte Hornets,Utah Jazz,
1006,20,11/3/2023 18:00,Little Caesars Arena,Detroit Pistons,Indiana Pacers,
1007,20,11/3/2023 18:00,Amway Center,Orlando Magic,Miami Heat,
1008,20,11/3/2023 18:30,State Farm Arena,Atlanta Hawks,Boston Celtics,
1009,20,11/3/2023 19:00,Toyota Center,Houston Rockets,Chicago Bulls,
1010,20,11/3/2023 19:00,FedExForum,Memphis Grizzlies,Dallas Mavericks,
1011,20,11/3/2023 19:30,Smoothie King Center,New Orleans Pelicans,Oklahoma City Thunder,
1012,20,11/3/2023 19:30,Chase Center,Golden State Warriors,Milwaukee Bucks,
1013,20,11/3/2023 21:00,Footprint Center,Phoenix Suns,Sacramento Kings,
1014,20,12/3/2023 13:30,Ball Arena,Denver Nuggets,Brooklyn Nets,
1015,20,12/3/2023 15:00,Spectrum Center,Charlotte Hornets,Cleveland Cavaliers,
1016,20,12/3/2023 16:00,Wells Fargo Center,Philadelphia 76ers,Washington Wizards,
1017,20,12/3/2023 17:00,Smoothie King Center,New Orleans Pelicans,Portland Trail Blazers,
1018,20,12/3/2023 17:00,AT&T Center,San Antonio Spurs,Oklahoma City Thunder,
1019,20,12/3/2023 19:00,Crypto.com Arena,Los Angeles Lakers,New York Knicks,
1020,20,13/03/2023 17:00,Little Caesars Arena,Detroit Pistons,Indiana Pacers,
1021,20,13/03/2023 17:30,State Farm Arena,Atlanta Hawks,Minnesota Timberwolves,
1022,20,13/03/2023 17:30,FTX Arena,Miami Heat,Utah Jazz,
1023,20,13/03/2023 17:30,American Airlines Center,Dallas Mavericks,Memphis Grizzlies,
1024,20,13/03/2023 18:00,Toyota Center,Houston Rockets,Boston Celtics,
1025,20,13/03/2023 20:00,Chase Center,Golden State Warriors,Phoenix Suns,
1026,20,13/03/2023 20:00,Golden 1 Center,Sacramento Kings,Milwaukee Bucks,
1027,20,14/03/2023 17:00,Spectrum Center,Charlotte Hornets,Cleveland Cavaliers,
1028,20,14/03/2023 17:00,Capital One Arena,Washington Wizards,Detroit Pistons,
1029,20,14/03/2023 17:30,Scotiabank Arena,Toronto Raptors,Denver Nuggets,
1030,20,14/03/2023 18:00,Smoothie King Center,New Orleans Pelicans,Los Angeles Lakers,
1031,20,14/03/2023 18:00,Paycom Center,Oklahoma City Thunder,Brooklyn Nets,
1032,20,14/03/2023 18:00,AT&T Center,San Antonio Spurs,Orlando Magic,
1033,20,14/03/2023 20:00,Footprint Center,Phoenix Suns,Milwaukee Bucks,
1034,20,14/03/2023 20:00,Moda Center,Portland Trail Blazers,New York Knicks,
1035,20,15/03/2023 17:30,Rocket Mortgage FieldHouse,Cleveland Cavaliers,Philadelphia 76ers,
1036,20,15/03/2023 17:30,FTX Arena,Miami Heat,Memphis Grizzlies,
1037,20,15/03/2023 18:00,United Center,Chicago Bulls,Sacramento Kings,
1038,20,15/03/2023 18:00,Toyota Center,Houston Rockets,Los Angeles Lakers,
1039,20,15/03/2023 18:00,Target Center,Minnesota Timberwolves,Boston Celtics,
1040,20,15/03/2023 18:30,AT&T Center,San Antonio Spurs,Dallas Mavericks,
1041,20,15/03/2023 20:00,Crypto.com Arena,LA Clippers,Golden State Warriors,
1042,21,16/03/2023 17:00,Little Caesars Arena,Detroit Pistons,Denver Nuggets,
1043,21,16/03/2023 17:30,Barclays Center,Brooklyn Nets,Sacramento Kings,
1044,21,16/03/2023 17:30,Scotiabank Arena,Toronto Raptors,Oklahoma City Thunder,
1045,21,16/03/2023 18:00,Fiserv Forum,Milwaukee Bucks,Indiana Pacers,
1046,21,16/03/2023 20:00,Footprint Center,Phoenix Suns,Orlando Magic,
1047,21,17/03/2023 17:00,Spectrum Center,Charlotte Hornets,Philadelphia 76ers,
1048,21,17/03/2023 17:30,State Farm Arena,Atlanta Hawks,Golden State Warriors,
1049,21,17/03/2023 17:30,Rocket Mortgage FieldHouse,Cleveland Cavaliers,Washington Wizards,
1050,21,17/03/2023 18:00,United Center,Chicago Bulls,Minnesota Timberwolves,
1051,21,17/03/2023 18:00,Toyota Center,Houston Rockets,New Orleans Pelicans,
1052,21,17/03/2023 18:00,AT&T Center,San Antonio Spurs,Memphis Grizzlies,
1053,21,17/03/2023 20:00,Moda Center,Portland Trail Blazers,Boston Celtics,
1054,21,17/03/2023 20:30,Crypto.com Arena,Los Angeles Lakers,Dallas Mavericks,
1055,21,18/03/2023 11:00,Madison Square Garden,New York Knicks,Denver Nuggets,
1056,21,18/03/2023 13:00,Crypto.com Arena,LA Clippers,Orlando Magic,
1057,21,18/03/2023 17:00,Gainbridge Fieldhouse,Indiana Pacers,Philadelphia 76ers,
1058,21,18/03/2023 17:00,Scotiabank Arena,Toronto Raptors,Minnesota Timberwolves,
1059,21,18/03/2023 18:00,Capital One Arena,Washington Wizards,Sacramento Kings,
1060,21,18/03/2023 18:00,United Center,Chicago Bulls,Miami Heat,
1061,21,18/03/2023 18:00,FedExForum,Memphis Grizzlies,Golden State Warriors,
1062,21,18/03/2023 19:00,Vivint Arena,Utah Jazz,Boston Celtics,
1063,21,19/03/2023 13:30,Barclays Center,Brooklyn Nets,Denver Nuggets,
1064,21,19/03/2023 13:30,Paycom Center,Oklahoma City Thunder,Phoenix Suns,
1065,21,19/03/2023 14:00,AT&T Center,San Antonio Spurs,Atlanta Hawks,
1066,21,19/03/2023 16:00,Little Caesars Arena,Detroit Pistons,Miami Heat,
1067,21,19/03/2023 17:00,Toyota Center,Houston Rockets,New Orleans Pelicans,
1068,21,19/03/2023 18:00,Fiserv Forum,Milwaukee Bucks,Toronto Raptors,
1069,21,19/03/2023 19:00,Moda Center,Portland Trail Blazers,LA Clippers,
1070,21,19/03/2023 19:30,Crypto.com Arena,Los Angeles Lakers,Orlando Magic,
1071,21,20/03/2023 17:00,Spectrum Center,Charlotte Hornets,Indiana Pacers,
1072,21,20/03/2023 17:00,Wells Fargo Center,Philadelphia 76ers,Chicago Bulls,
1073,21,20/03/2023 17:30,Madison Square Garden,New York Knicks,Minnesota Timberwolves,
1074,21,20/03/2023 18:00,Toyota Center,Houston Rockets,Golden State Warriors,
1075,21,20/03/2023 18:00,FedExForum,Memphis Grizzlies,Dallas Mavericks,
1076,21,20/03/2023 19:00,Vivint Arena,Utah Jazz,Sacramento Kings,
1077,21,21/03/2023 17:00,Amway Center,Orlando Magic,Washington Wizards,
1078,21,21/03/2023 17:30,State Farm Arena,Atlanta Hawks,Detroit Pistons,
1079,21,21/03/2023 17:30,Barclays Center,Brooklyn Nets,Cleveland Cavaliers,
1080,21,21/03/2023 18:00,Smoothie King Center,New Orleans Pelicans,San Antonio Spurs,
1081,21,21/03/2023 20:00,Golden 1 Center,Sacramento Kings,Boston Celtics,
1082,21,21/03/2023 20:30,Crypto.com Arena,LA Clippers,Oklahoma City Thunder,
1083,21,22/03/2023 17:00,Capital One Arena,Washington Wizards,Denver Nuggets,
1084,21,22/03/2023 17:30,FTX Arena,Miami Heat,New York Knicks,
1085,21,22/03/2023 17:30,Scotiabank Arena,Toronto Raptors,Indiana Pacers,
1086,21,22/03/2023 17:30,American Airlines Center,Dallas Mavericks,Golden State Warriors,
1087,21,22/03/2023 18:00,United Center,Chicago Bulls,Philadelphia 76ers,
1088,21,22/03/2023 18:00,FedExForum,Memphis Grizzlies,Houston Rockets,
1089,21,22/03/2023 18:00,Fiserv Forum,Milwaukee Bucks,San Antonio Spurs,
1090,21,22/03/2023 18:00,Target Center,Minnesota Timberwolves,Atlanta Hawks,
1091,21,22/03/2023 19:00,Vivint Arena,Utah Jazz,Portland Trail Blazers,
1092,21,22/03/2023 20:00,Crypto.com Arena,Los Angeles Lakers,Phoenix Suns,
1093,22,23/03/2023 17:00,Amway Center,Orlando Magic,New York Knicks,
1094,22,23/03/2023 17:30,Barclays Center,Brooklyn Nets,Cleveland Cavaliers,
1095,22,23/03/2023 18:00,Smoothie King Center,New Orleans Pelicans,Charlotte Hornets,
1096,22,23/03/2023 20:30,Crypto.com Arena,LA Clippers,Oklahoma City Thunder,
1097,22,24/03/2023 17:00,TD Garden,Boston Celtics,Indiana Pacers,
1098,22,24/03/2023 17:00,Capital One Arena,Washington Wizards,San Antonio Spurs,
1099,22,24/03/2023 17:30,Scotiabank Arena,Toronto Raptors,Detroit Pistons,
1100,22,24/03/2023 18:00,FedExForum,Memphis Grizzlies,Houston Rockets,
1101,22,24/03/2023 18:30,American Airlines Center,Dallas Mavericks,Charlotte Hornets,
1102,22,24/03/2023 19:00,Vivint Arena,Utah Jazz,Milwaukee Bucks,
1103,22,24/03/2023 20:00,Chase Center,Golden State Warriors,Philadelphia 76ers,
1104,22,24/03/2023 20:00,Moda Center,Portland Trail Blazers,Chicago Bulls,
1105,22,24/03/2023 20:00,Golden 1 Center,Sacramento Kings,Phoenix Suns,
1106,22,24/03/2023 20:30,Crypto.com Arena,Los Angeles Lakers,Oklahoma City Thunder,
1107,22,25/03/2023 15:00,State Farm Arena,Atlanta Hawks,Indiana Pacers,
1108,22,25/03/2023 18:00,FTX Arena,Miami Heat,Brooklyn Nets,
1109,22,25/03/2023 19:00,Ball Arena,Denver Nuggets,Milwaukee Bucks,
1110,22,25/03/2023 20:00,Footprint Center,Phoenix Suns,Philadelphia 76ers,
1111,22,25/03/2023 20:00,Golden 1 Center,Sacramento Kings,Utah Jazz,
1112,22,25/03/2023 20:30,Crypto.com Arena,LA Clippers,New Orleans Pelicans,
1113,22,26/03/2023 11:00,Spectrum Center,Charlotte Hornets,Dallas Mavericks,
1114,22,26/03/2023 13:30,Crypto.com Arena,Los Angeles Lakers,Chicago Bulls,
1115,22,26/03/2023 16:00,State Farm Arena,Atlanta Hawks,Memphis Grizzlies,
1116,22,26/03/2023 16:00,TD Garden,Boston Celtics,San Antonio Spurs,
1117,22,26/03/2023 16:00,Rocket Mortgage FieldHouse,Cleveland Cavaliers,Houston Rockets,
1118,22,26/03/2023 16:00,Amway Center,Orlando Magic,Brooklyn Nets,
1119,22,26/03/2023 16:00,Scotiabank Arena,Toronto Raptors,Washington Wizards,
1120,22,26/03/2023 17:00,Moda Center,Portland Trail Blazers,Oklahoma City Thunder,
1121,22,26/03/2023 18:30,Chase Center,Golden State Warriors,Minnesota Timberwolves,
1122,22,27/03/2023 17:00,Little Caesars Arena,Detroit Pistons,Milwaukee Bucks,
1123,22,27/03/2023 17:00,Gainbridge Fieldhouse,Indiana Pacers,Dallas Mavericks,
1124,22,27/03/2023 17:30,Madison Square Garden,New York Knicks,Houston Rockets,
1125,22,27/03/2023 19:00,Vivint Arena,Utah Jazz,Phoenix Suns,
1126,22,27/03/2023 19:30,Ball Arena,Denver Nuggets,Philadelphia 76ers,
1127,22,27/03/2023 20:00,Moda Center,Portland Trail Blazers,New Orleans Pelicans,
1128,22,27/03/2023 20:00,Golden 1 Center,Sacramento Kings,Minnesota Timberwolves,
1129,22,27/03/2023 20:30,Crypto.com Arena,LA Clippers,Chicago Bulls,
1130,22,28/03/2023 17:00,Capital One Arena,Washington Wizards,Boston Celtics,
1131,22,28/03/2023 17:30,State Farm Arena,Atlanta Hawks,Cleveland Cavaliers,
1132,22,28/03/2023 17:30,Scotiabank Arena,Toronto Raptors,Miami Heat,
1133,22,28/03/2023 18:00,FedExForum,Memphis Grizzlies,Orlando Magic,
1134,22,28/03/2023 18:00,Paycom Center,Oklahoma City Thunder,Charlotte Hornets,
1135,22,28/03/2023 20:00,Chase Center,Golden State Warriors,New Orleans Pelicans,
1136,22,29/03/2023 17:00,Gainbridge Fieldhouse,Indiana Pacers,Milwaukee Bucks,
1137,22,29/03/2023 17:30,Barclays Center,Brooklyn Nets,Houston Rockets,
1138,22,29/03/2023 17:30,Madison Square Garden,New York Knicks,Miami Heat,
1139,22,29/03/2023 17:30,Wells Fargo Center,Philadelphia 76ers,Dallas Mavericks,
1140,22,29/03/2023 18:00,United Center,Chicago Bulls,Los Angeles Lakers,
1141,22,29/03/2023 18:00,FedExForum,Memphis Grizzlies,LA Clippers,
1142,22,29/03/2023 18:00,Paycom Center,Oklahoma City Thunder,Detroit Pistons,
1143,22,29/03/2023 18:00,AT&T Center,San Antonio Spurs,Utah Jazz,
1144,22,29/03/2023 20:00,Footprint Center,Phoenix Suns,Minnesota Timberwolves,
1145,22,29/03/2023 20:00,Moda Center,Portland Trail Blazers,Sacramento Kings,
1146,23,30/03/2023 17:30,Fiserv Forum,Milwaukee Bucks,Boston Celtics,
1147,23,30/03/2023 20:00,Ball Arena,Denver Nuggets,New Orleans Pelicans,
1148,23,31/03/2023 17:00,Spectrum Center,Charlotte Hornets,Chicago Bulls,
1149,23,31/03/2023 17:00,Gainbridge Fieldhouse,Indiana Pacers,Oklahoma City Thunder,
1150,23,31/03/2023 17:00,Wells Fargo Center,Philadelphia 76ers,Toronto Raptors,
1151,23,31/03/2023 17:00,Capital One Arena,Washington Wizards,Orlando Magic,
1152,23,31/03/2023 17:30,TD Garden,Boston Celtics,Utah Jazz,
1153,23,31/03/2023 17:30,Barclays Center,Brooklyn Nets,Atlanta Hawks,
1154,23,31/03/2023 17:30,Rocket Mortgage FieldHouse,Cleveland Cavaliers,New York Knicks,
1155,23,31/03/2023 18:00,Toyota Center,Houston Rockets,Detroit Pistons,
1156,23,31/03/2023 18:00,FedExForum,Memphis Grizzlies,LA Clippers,
1157,23,31/03/2023 18:00,Target Center,Minnesota Timberwolves,Los Angeles Lakers,
1158,23,31/03/2023 20:00,Chase Center,Golden State Warriors,San Antonio Spurs,
1159,23,31/03/2023 20:00,Moda Center,Portland Trail Blazers,Sacramento Kings,
1160,23,31/03/2023 20:30,Footprint Center,Phoenix Suns,Denver Nuggets,
1161,23,1/4/2023 17:30,FTX Arena,Miami Heat,Dallas Mavericks,
1162,23,1/4/2023 18:30,Smoothie King Center,New Orleans Pelicans,LA Clippers,
1163,23,2/4/2023 11:00,Spectrum Center,Charlotte Hornets,Toronto Raptors,
1164,23,2/4/2023 13:30,Barclays Center,Brooklyn Nets,Utah Jazz,
1165,23,2/4/2023 13:30,United Center,Chicago Bulls,Memphis Grizzlies,
1166,23,2/4/2023 13:30,Target Center,Minnesota Timberwolves,Portland Trail Blazers,
1167,23,2/4/2023 16:00,State Farm Arena,Atlanta Hawks,Dallas Mavericks,
1168,23,2/4/2023 16:00,Madison Square Garden,New York Knicks,Washington Wizards,
1169,23,2/4/2023 16:00,Amway Center,Orlando Magic,Detroit Pistons,
1170,23,2/4/2023 16:00,Golden 1 Center,Sacramento Kings,San Antonio Spurs,
1171,23,2/4/2023 17:00,Toyota Center,Houston Rockets,Los Angeles Lakers,
1172,23,2/4/2023 17:00,Paycom Center,Oklahoma City Thunder,Phoenix Suns,
1173,23,2/4/2023 18:00,Rocket Mortgage FieldHouse,Cleveland Cavaliers,Indiana Pacers,
1174,23,2/4/2023 18:00,Fiserv Forum,Milwaukee Bucks,Philadelphia 76ers,
1175,23,2/4/2023 18:30,Ball Arena,Denver Nuggets,Golden State Warriors,
1176,23,4/4/2023 17:00,Spectrum Center,Charlotte Hornets,Toronto Raptors,
1177,23,4/4/2023 17:00,Little Caesars Arena,Detroit Pistons,Miami Heat,
1178,23,4/4/2023 17:00,Amway Center,Orlando Magic,Cleveland Cavaliers,
1179,23,4/4/2023 17:00,Capital One Arena,Washington Wizards,Milwaukee Bucks,
1180,23,4/4/2023 17:30,Barclays Center,Brooklyn Nets,Minnesota Timberwolves,
1181,23,4/4/2023 18:00,Wells Fargo Center,Philadelphia 76ers,Boston Celtics,
1182,23,4/4/2023 18:00,United Center,Chicago Bulls,Atlanta Hawks,
1183,23,4/4/2023 18:00,Toyota Center,Houston Rockets,Denver Nuggets,
1184,23,4/4/2023 18:00,FedExForum,Memphis Grizzlies,Portland Trail Blazers,
1185,23,4/4/2023 18:00,Smoothie King Center,New Orleans Pelicans,Sacramento Kings,
1186,23,4/4/2023 19:00,Vivint Arena,Utah Jazz,Los Angeles Lakers,
1187,23,4/4/2023 20:00,Chase Center,Golden State Warriors,Oklahoma City Thunder,
1188,23,4/4/2023 20:00,Footprint Center,Phoenix Suns,San Antonio Spurs,
1189,23,5/4/2023 17:00,Little Caesars Arena,Detroit Pistons,Brooklyn Nets,
1190,23,5/4/2023 17:00,Gainbridge Fieldhouse,Indiana Pacers,New York Knicks,
1191,23,5/4/2023 17:30,State Farm Arena,Atlanta Hawks,Washington Wizards,
1192,23,5/4/2023 17:30,TD Garden,Boston Celtics,Toronto Raptors,
1193,23,5/4/2023 17:30,Fiserv Forum,Milwaukee Bucks,Chicago Bulls,
1194,23,5/4/2023 18:00,Smoothie King Center,New Orleans Pelicans,Memphis Grizzlies,
1195,23,5/4/2023 18:30,American Airlines Center,Dallas Mavericks,Sacramento Kings,
1196,23,5/4/2023 20:00,Crypto.com Arena,LA Clippers,Los Angeles Lakers,
1197,24,6/4/2023 17:00,Amway Center,Orlando Magic,Cleveland Cavaliers,
1198,24,6/4/2023 17:30,Wells Fargo Center,Philadelphia 76ers,Miami Heat,
1199,24,6/4/2023 18:00,Moody Center,San Antonio Spurs,Portland Trail Blazers,
1200,24,6/4/2023 19:00,Vivint Arena,Utah Jazz,Oklahoma City Thunder,
1201,24,6/4/2023 20:00,Footprint Center,Phoenix Suns,Denver Nuggets,
1202,24,7/4/2023 17:00,Spectrum Center,Charlotte Hornets,Houston Rockets,
1203,24,7/4/2023 17:00,Gainbridge Fieldhouse,Indiana Pacers,Detroit Pistons,
1204,24,7/4/2023 17:00,Capital One Arena,Washington Wizards,Miami Heat,
1205,24,7/4/2023 17:30,State Farm Arena,Atlanta Hawks,Philadelphia 76ers,
1206,24,7/4/2023 17:30,TD Garden,Boston Celtics,Toronto Raptors,
1207,24,7/4/2023 17:30,Barclays Center,Brooklyn Nets,Orlando Magic,
1208,24,7/4/2023 18:00,Fiserv Forum,Milwaukee Bucks,Memphis Grizzlies,
1209,24,7/4/2023 18:00,Smoothie King Center,New Orleans Pelicans,New York Knicks,
1210,24,7/4/2023 18:30,American Airlines Center,Dallas Mavericks,Chicago Bulls,
1211,24,7/4/2023 20:00,Golden 1 Center,Sacramento Kings,Golden State Warriors,
1212,24,7/4/2023 20:30,Crypto.com Arena,Los Angeles Lakers,Phoenix Suns,
1213,24,8/4/2023 13:30,Vivint Arena,Utah Jazz,Denver Nuggets,
1214,24,8/4/2023 14:00,Moody Center,San Antonio Spurs,Minnesota Timberwolves,
1215,24,8/4/2023 14:00,Crypto.com Arena,LA Clippers,Portland Trail Blazers,
1216,24,9/4/2023 11:00,TD Garden,Boston Celtics,Atlanta Hawks,
1217,24,9/4/2023 11:00,Barclays Center,Brooklyn Nets,Philadelphia 76ers,
1218,24,9/4/2023 11:00,Rocket Mortgage FieldHouse,Cleveland Cavaliers,Charlotte Hornets,
1219,24,9/4/2023 11:00,FTX Arena,Miami Heat,Orlando Magic,
1220,24,9/4/2023 11:00,Madison Square Garden,New York Knicks,Indiana Pacers,
1221,24,9/4/2023 11:00,Scotiabank Arena,Toronto Raptors,Milwaukee Bucks,
1222,24,9/4/2023 11:00,Capital One Arena,Washington Wizards,Houston Rockets,
1223,24,9/4/2023 11:00,United Center,Chicago Bulls,Detroit Pistons,
1224,24,9/4/2023 13:30,American Airlines Center,Dallas Mavericks,San Antonio Spurs,
1225,24,9/4/2023 13:30,Target Center,Minnesota Timberwolves,New Orleans Pelicans,
1226,24,9/4/2023 13:30,Paycom Center,Oklahoma City Thunder,Memphis Grizzlies,
1227,24,9/4/2023 13:30,Ball Arena,Denver Nuggets,Sacramento Kings,
1228,24,9/4/2023 13:30,Crypto.com Arena,Los Angeles Lakers,Utah Jazz,
1229,24,9/4/2023 13:30,Footprint Center,Phoenix Suns,LA Clippers,
1230,24,9/4/2023 13:30,Moda Center,Portland Trail Blazers,Golden State Warriors,
